<application>
  <component name="DefaultFont">
    <option name="FONT_SIZE" value="10" />
    <option name="FONT_FAMILY" value="Fira Code" />
    <option name="FONT_REGULAR_SUB_FAMILY" value="Regular" />
    <option name="FONT_BOLD_SUB_FAMILY" value="Bold" />
    <option name="USE_LIGATURES" value="true" />
  </component>
  <component name="EditorSettings">
    <option name="languageBreadcrumbsMap">
      <map>
        <entry key="JAVA" value="true" />
      </map>
    </option>
    <option name="USE_SOFT_WRAPS" value="" />
    <option name="IS_ENSURE_NEWLINE_AT_EOF" value="true" />
    <option name="REMOVE_TRAILING_BLANK_LINES" value="true" />
    <option name="SHOW_BREADCRUMBS" value="false" />
    <option name="ADDITIONAL_PAGE_AT_BOTTOM" value="true" />
  </component>
  <component name="InlayHintsSettings">
    <option name="lastViewedProviderKeyId" value="parameter.hints.old" />
  </component>
</application>