<application>
  <component name="FileTypeManager" version="18">
    <extensionMap>
      <mapping pattern="temp" type="AUTO_DETECTED" />
      <mapping pattern="PAMCoreUtil" type="AUTO_DETECTED" />
      <mapping pattern="ValueOfEnum" type="AUTO_DETECTED" />
      <mapping pattern="First" type="JAVA" />
      <mapping pattern="CapacityRequestDBDao" type="JAVA" />
      <mapping pattern="DDBToSQSDataGraph" type="JAVA" />
      <mapping pattern="CapacityRequestDBDaoImplTest" type="JAVA" />
      <mapping ext="space.kts" type="Kotlin" />
      <mapping ext="gradle.kts" type="Kotlin" />
      <mapping ext="main.kts" type="Kotlin" />
      <mapping pattern="PAMCoreUtilTest" type="PLAIN_TEXT" />
      <mapping pattern=".gitkeep" type="PLAIN_TEXT" />
      <mapping pattern="NotificationEventTypeValidator" type="PLAIN_TEXT" />
      <mapping pattern="getAllTermsActivity" type="PLAIN_TEXT" />
      <mapping ext="xm" type="PLAIN_TEXT" />
      <mapping pattern="getAuthorizedLogisticsParties" type="XML" />
      <removed_mapping ext="apk" approved="true" type="ARCHIVE" />
      <removed_mapping ext="psd" approved="true" type="Image" />
    </extensionMap>
  </component>
</application>