<application>
  <component name="ParameterNameHintsSettings">
    <blacklists>
      <blacklist language="Java">
        <added pattern="com.amazon.passportaccessmanagementcore.test.sao.SellerCentralAuthorizationServiceAccessorTest.getAccessibleAccount(partnerAccountId)" />
        <added pattern="org.mockito.Mockito.times(wantedNumberOfInvocations)" />
        <added pattern="com.amazonaws.retry.PredefinedRetryPolicies.SDKDefaultRetryCondition.shouldRetry(originalRequest,exception,retriesAttempted)" />
        <added pattern="com.amazonaws.util.StringUtils.join(joiner,parts)" />
      </blacklist>
    </blacklists>
    <disabledLanguages>
      <language id="JAVA" />
    </disabledLanguages>
  </component>
</application>