<keymap version="1" name="IntelliJ IDEA Classic copy" parent="Mac OS X">
  <action id="CloseActiveTab">
    <keyboard-shortcut first-keystroke="meta f4" />
  </action>
  <action id="CloseContent">
    <keyboard-shortcut first-keystroke="meta w" />
  </action>
  <action id="DumpLookupElementWeights" />
  <action id="EditorSelectWord">
    <keyboard-shortcut first-keystroke="meta alt w" />
  </action>
  <action id="EditorUnSelectWord">
    <keyboard-shortcut first-keystroke="shift meta alt w" />
  </action>
  <action id="Kotlin.RunScratch" />
  <action id="ReopenClosedTab">
    <keyboard-shortcut first-keystroke="shift meta w" />
  </action>
</keymap>