<keymap version="1" name="Windows copy" parent="$default">
  <action id="CloseContent">
    <keyboard-shortcut first-keystroke="ctrl w" />
  </action>
  <action id="Console.Execute.Multiline" />
  <action id="Console.SplitLine" />
  <action id="Console.TableResult.Submit" />
  <action id="DirDiffMenu.SynchronizeDiff.All" />
  <action id="EditorSelectWord" />
  <action id="EditorSplitLine" />
  <action id="EditorStartNewLineBefore" />
  <action id="KotlinShellExecute" />
  <action id="NewClass">
    <keyboard-shortcut first-keystroke="shift alt c" />
  </action>
  <action id="QuickActionPopup" />
  <action id="RecentChanges" />
  <action id="Run">
    <keyboard-shortcut first-keystroke="ctrl enter" />
  </action>
  <action id="SmartSelect" />
  <action id="Stop">
    <keyboard-shortcut first-keystroke="ctrl alt enter" />
  </action>
  <action id="TableResult.GrowSelection" />
  <action id="Terminal.SmartCommandExecution.Run" />
  <action id="ViewSource" />
</keymap>