{"options":{"check_for_updates":true,"comment":null,"compatopts_for_requires":true,"compat_wrappedjsobject":false,"compat_metadata":false,"compat_foreach":false,"compat_prototypes":false,"compat_powerful_this":null,"noframes":null,"unwrap":null,"run_at":null,"tab_types":null,"override":{"use_includes":[],"orig_includes":["https://connect.amazon.com/people/*","https://connect.amazon.com/users/*","https://phonetool.amazon.com/people/*","https://phonetool.amazon.com/users/*"],"merge_includes":true,"use_matches":[],"orig_matches":[],"merge_matches":true,"use_excludes":[],"orig_excludes":["https://phonetool.amazon.com/users/*.json","https://phonetool.amazon.com/users/*/org","https://phonetool.amazon.com/users/*/communities","https://phonetool.amazon.com/bookmark*"],"merge_excludes":true,"use_connects":[],"orig_connects":["hire.amazon.com"],"merge_connects":true,"use_blockers":[],"orig_run_at":"document-idle","orig_noframes":null,"orig_run_in":[]},"user_modified":null,"run_in":null,"tags":[]},"settings":{"enabled":false,"position":27},"meta":{"name":"Add interview counts to phone tool","uuid":"95b9ce0c-0c5c-4563-9f1c-351f6ee04e08","modified":1659429587303,"file_url":"https://improvement-ninjas.amazon.com/GreaseMonkey/showInterviewCount.user.js"}}