{"options":{"check_for_updates":true,"comment":null,"compatopts_for_requires":true,"compat_wrappedjsobject":false,"compat_metadata":false,"compat_foreach":false,"compat_prototypes":false,"compat_powerful_this":null,"noframes":null,"unwrap":null,"run_at":null,"tab_types":null,"override":{"use_includes":[],"orig_includes":[],"merge_includes":true,"use_matches":[],"orig_matches":["http*://*.amazon.com/*","http*://*.aws-border.*/*","http*://*.aws.dev/*","http*://*.a2z.com/*","http*://*.amazonaws-us-gov.com/*","http*://*.amazonaws.cn/*","http*://*c2shome.ic.gov/*","http*://*.c2s-border.ic.gov/*","http*://*.c2s-aws.ic.gov/*","http*://*.sc2s-a2z.sgov.gov/*","http*://*.sc2shome.sgov.gov/*","http*://wiki.imdb.*/*"],"merge_matches":true,"use_excludes":[],"orig_excludes":["http*://hammerstone-permissions-iad.iad.proxy.amazon.com/*","http*://hammerstone-beta.corp.amazon.com/*","http*://hammerstonegamma.amazon.com/*","http*://hammerstone.amazon.com/*","http*://hammerstone-prime-gamma-pdx.pdx.proxy.amazon.com/*","http*://hammerstone-pdx.pdx.proxy.amazon.com/*","http*://hammerstone.zhy.aws-border.cn/*","http*://hammerstone-prime-gamma.us-iso-east-1.c2s.ic.gov/*","http*://hammerstone-prime-prod.us-iso-east-1.c2s.ic.gov/*","http*://hammerstone-prime-gamma.lck.amazon.com/*","http*://hammerstone-prime-prod.lck.amazon.com/*","http*://hammerstonegamma.dca.amazon.com/*","http*://hammerstone.dca.amazon.com/*","http*://hammerstonegamma.lck.amazon.com/*","http*://hammerstone.lck.amazon.com/*"],"merge_excludes":true,"use_connects":[],"orig_connects":["w.amazon.com"],"merge_connects":true,"use_blockers":[],"orig_run_at":"document-idle","orig_noframes":null,"orig_run_in":[]},"user_modified":null,"run_in":null,"tags":[]},"settings":{"enabled":false,"position":21},"meta":{"name":"Amazon Acronym Helper","uuid":"6819aa14-1c85-484b-a036-d07135cb9032","modified":1649955332349,"file_url":"https://drive.corp.amazon.com/view/emailme@/Public%20Tampermonkey%20Scripts/amazon_acronym_helper.user.js"}}