{"options":{"check_for_updates":true,"user_modified":null,"comment":null,"compatopts_for_requires":true,"compat_wrappedjsobject":false,"compat_metadata":false,"compat_foreach":false,"compat_powerful_this":null,"sandbox":null,"noframes":null,"unwrap":null,"run_at":null,"tab_types":null,"override":{"use_includes":[],"orig_includes":[],"merge_includes":true,"use_matches":[],"orig_matches":["https://apollo.amazon.com/environments/*","https://apollo.amazon.com/r/environments/*","https://odin.amazon.com/*"],"merge_matches":true,"use_excludes":[],"orig_excludes":[],"merge_excludes":true,"use_connects":[],"orig_connects":[],"merge_connects":true,"use_blockers":[],"orig_run_at":"document-idle","orig_noframes":null,"orig_run_in":[]},"run_in":null,"tags":[]},"settings":{"enabled":true,"position":55},"meta":{"name":"Apollo SSH link","uuid":"a3aa0ba7-d33f-4fa9-94d4-1c277d54ca67","modified":1728467573415,"file_url":"https://code.amazon.com/packages/AARG-SCRIPTS/blobs/heads/devel/--/apollo_ssh_linker.user.js?raw=1"}}