{"ts":1695883796932,"data":{"awsum_useTinyLink":"strue","awsumlink_617154156281":"sFeedbackWebPlatform-Prod","awssumlink_cloudwatch%3A%23alarmsV2%3Aalarm%2FTravisService.GlueJobFailureAlarm.Sev2%3F~(alarmStateFilter~'ALARM)":"s{\"accountId\":\"465441244299\",\"accountRole\":\"IibsAdminAccess-DO-NOT-DELETE\",\"accountName\":\"TravisService-Production\"}","awssumlink_lambda%3AReplicate-changekey-activeversion-S3-to-CN":"s{\"accountId\":\"362383511401\",\"accountRole\":\"IibsAdminAccess-DO-NOT-DELETE\",\"accountName\":\"TravisService-Devo\"}","awsumlink_362383511401":"sTravisService-Devo","awssumlink_lambda%3Aprod-IAD-TcfaComputeStack-LambdaFunction7804BD21-AM2z2WicMTSH":"s{\"accountId\":\"617154156281\",\"accountRole\":\"IibsAdminAccess-DO-NOT-DELETE\",\"accountName\":\"FeedbackWebPlatform-Prod\"}","awssumlink_lambda%3Aprod-IAD-TcfaComputeStack-LambdaFunction7804BD21-AM2z2WicMTSH%2Faliases%2Flive":"s{\"accountId\":\"617154156281\",\"accountRole\":\"IibsAdminAccess-DO-NOT-DELETE\",\"accountName\":\"FeedbackWebPlatform-Prod\"}","awssumlink_lambda%3Aprod-IAD-TcfaComputeStack-LambdaFunction7804BD21-AM2z2WicMTSH%2Faliases%2Flive%2Fedit%2Fprovisioned-concurrency":"s{\"accountId\":\"617154156281\",\"accountRole\":\"IibsAdminAccess-DO-NOT-DELETE\",\"accountName\":\"FeedbackWebPlatform-Prod\"}","awsumlink_577044234565":"sPassportAccessManagement-IAD-Prod","awssumlink_s3%3Atravis-service-partitioned-version-history-beta-us-west-2%3Fregion%3Dus-west-2%26prefix%3Dyear%253D2022%2Fmonth%253D04%2Fdate%253D01%2Fhour%253D12%2Fterm%253DSHIPPING_LABEL_SPECIFICATION":"s{\"accountId\":\"362383511401\",\"accountRole\":\"IibsAdminAccess-DO-NOT-DELETE\",\"accountName\":\"TravisService-Devo\"}","awssumlink_s3%3Atravis-service-partitioned-version-history-beta-ap-northeast-1%3Fregion%3Dap-northeast-1%26prefix%3Dyear%253D2022":"s{\"accountId\":\"362383511401\",\"accountRole\":\"IibsAdminAccess-DO-NOT-DELETE\",\"accountName\":\"TravisService-Devo\"}","awssumlink_cloudformation%3Aarn%3Aaws%3Acloudformation%3Aus-east-1%3A826281750702%3Astack%2FPAMSelfServe-Vpc-Beta-NA%2Fb8c10490-c547-11ec-aa9a-0e85f1a6efe5":"s{\"accountId\":\"826281750702\",\"accountRole\":\"IibsAdminAccess-DO-NOT-DELETE\",\"accountName\":\"PAMSelfServeWebServer-Beta\"}","awssumlink_cloudformation%3Aarn%3Aaws%3Acloudformation%3Aus-east-1%3A826281750702%3Astack%2FPipeline-PAMSelfServeWebServer%2F4f8d5cd0-c06f-11ec-bd04-0ef3e3db7079":"s{\"accountId\":\"826281750702\",\"accountRole\":\"IibsAdminAccess-DO-NOT-DELETE\",\"accountName\":\"PAMSelfServeWebServer-Beta\"}","awssumlink_cloudformation%3Aarn%3Aaws%3Acloudformation%3Aus-east-1%3A826281750702%3Astack%2FBONESBootstrap-4260778-826281750702-us-east-1%2F1b9a4e70-c320-11ec-bfbe-12b4dc670807":"s{\"accountId\":\"826281750702\",\"accountRole\":\"IibsAdminAccess-DO-NOT-DELETE\",\"accountName\":\"PAMSelfServeWebServer-Beta\"}","awssumlink_cloudformation%3Aarn%3Aaws%3Acloudformation%3Aus-east-1%3A826281750702%3Astack%2FPAMSelfServe-ECS-Service-Beta-NA%2Fb6894790-c548-11ec-ae40-0a8839255e09":"s{\"accountId\":\"826281750702\",\"accountRole\":\"IibsAdminAccess-DO-NOT-DELETE\",\"accountName\":\"PAMSelfServeWebServer-Beta\"}","awssumlink_cloudformation%3Aarn%3Aaws%3Acloudformation%3Aus-east-1%3A826281750702%3Astack%2FCodeTestEntities-826281750702-d04a96b1a78c6223b96d3ccdceade673%2Fd9215400-c548-11ec-9f8c-1260d9f8a14b":"s{\"accountId\":\"826281750702\",\"accountRole\":\"IibsAdminAccess-DO-NOT-DELETE\",\"accountName\":\"PAMSelfServeWebServer-Beta\"}","awssumlink_cloudformation%3Aarn%3Aaws%3Acloudformation%3Aus-east-1%3A826281750702%3Astack%2FPAMSelfServe-ECS-Cluster-Beta-NA%2F6e1bb6f0-c548-11ec-8dd7-0e24840ffa95":"s{\"accountId\":\"826281750702\",\"accountRole\":\"IibsAdminAccess-DO-NOT-DELETE\",\"accountName\":\"PAMSelfServeWebServer-Beta\"}","awssumlink_cloudformation%3Aarn%3Aaws%3Acloudformation%3Aus-east-1%3A826281750702%3Astack%2FCodeTestEntities-Regional-826281750702%2Fd94ecca0-c548-11ec-9c67-125768042149":"s{\"accountId\":\"826281750702\",\"accountRole\":\"IibsAdminAccess-DO-NOT-DELETE\",\"accountName\":\"PAMSelfServeWebServer-Beta\"}","awssumlink_cloudformation%3Aarn%3Aaws%3Acloudformation%3Aus-east-1%3A826281750702%3Astack%2FCDKToolkit%2F5f83a000-c06e-11ec-ad46-0a02909bf4fb":"s{\"accountId\":\"826281750702\",\"accountRole\":\"IibsAdminAccess-DO-NOT-DELETE\",\"accountName\":\"PAMSelfServeWebServer-Beta\"}","awssumlink_cloudformation%3Aarn%3Aaws%3Acloudformation%3Aus-west-2%3A826281750702%3Astack%2FVpc%2F7f7643e0-c52d-11ec-bd92-0253e3152c9b":"s{\"accountId\":\"826281750702\",\"accountRole\":\"IibsAdminAccess-DO-NOT-DELETE\",\"accountName\":\"PAMSelfServeWebServer-Beta\"}","awssumlink_cloudformation%3Aarn%3Aaws%3Acloudformation%3Aus-west-2%3A826281750702%3Astack%2FEcsService%2F89d99bb0-c52e-11ec-916c-02fa437ec487":"s{\"accountId\":\"826281750702\",\"accountRole\":\"IibsAdminAccess-DO-NOT-DELETE\",\"accountName\":\"PAMSelfServeWebServer-Beta\"}","awssumlink_cloudformation%3Aarn%3Aaws%3Acloudformation%3Aus-west-2%3A826281750702%3Astack%2FEcsCluster%2F4570a360-c52e-11ec-8500-0a6dd917a209":"s{\"accountId\":\"826281750702\",\"accountRole\":\"IibsAdminAccess-DO-NOT-DELETE\",\"accountName\":\"PAMSelfServeWebServer-Beta\"}","awssumlink_cloudformation%3Aarn%3Aaws%3Acloudformation%3Aus-east-1%3A826281750702%3Astack%2FPAMSelfServe-ECS-Service-Beta-NA%2Fcf541430-da9c-11ec-93b6-0af40d247689":"s{\"accountId\":\"826281750702\",\"accountRole\":\"IibsAdminAccess-DO-NOT-DELETE\",\"accountName\":\"PAMSelfServeWebServer-Beta\"}","awssumlink_cloudformation%3Aarn%3Aaws%3Acloudformation%3Aus-east-1%3A826281750702%3Astack%2FPAMSelfServe-ECS-Service-Beta-NA%2Fa5b97c40-da9d-11ec-8fdb-0eeca0bd3025":"s{\"accountId\":\"826281750702\",\"accountRole\":\"IibsAdminAccess-DO-NOT-DELETE\",\"accountName\":\"PAMSelfServeWebServer-Beta\"}","awssumlink_cloudformation%3Aarn%3Aaws%3Acloudformation%3Aus-east-1%3A826281750702%3Astack%2FPAMSelfServe-ECS-Cluster-Beta-NA-Memory-1GB-test-1%2Fea486a50-db25-11ec-b75c-12a6ffeb9497":"s{\"accountId\":\"826281750702\",\"accountRole\":\"IibsAdminAccess-DO-NOT-DELETE\",\"accountName\":\"PAMSelfServeWebServer-Beta\"}","awssumlink_cloudwatch%3A%23logStream%3Agroup%3DPAMSelfServeWebServer-ServiceMetrics":"s{\"accountId\":\"826281750702\",\"accountRole\":\"IibsAdminAccess-DO-NOT-DELETE\",\"accountName\":\"PAMSelfServeWebServer-Beta\"}","awssumlink_cloudformation%3Aarn%3Aaws%3Acloudformation%3Aus-east-1%3A826281750702%3Astack%2FPAMSelfServe-ECS-Service-Beta-NA%2Fabaaadd0-db57-11ec-9a4e-0a482e3855a5":"s{\"accountId\":\"826281750702\",\"accountRole\":\"IibsAdminAccess-DO-NOT-DELETE\",\"accountName\":\"PAMSelfServeWebServer-Beta\"}","awssumlink_cloudformation%3Aarn%3Aaws%3Acloudformation%3Aus-east-1%3A826281750702%3Astack%2FPAMSelfServe-ECS-Service-Beta-NA%2F71816730-dbf1-11ec-b08c-1293e0c45c37":"s{\"accountId\":\"826281750702\",\"accountRole\":\"IibsAdminAccess-DO-NOT-DELETE\",\"accountName\":\"PAMSelfServeWebServer-Beta\"}","awssumlink_cloudformation%3Aarn%3Aaws%3Acloudformation%3Aus-east-1%3A826281750702%3Astack%2FPAMSelfServe-ECS-Service-Beta-NA%2Fb0b34fc0-dbf3-11ec-9ee1-0a0d96982407":"s{\"accountId\":\"826281750702\",\"accountRole\":\"IibsAdminAccess-DO-NOT-DELETE\",\"accountName\":\"PAMSelfServeWebServer-Beta\"}","awssumlink_cloudformation%3Aarn%3Aaws%3Acloudformation%3Aus-east-1%3A826281750702%3Astack%2FPAMSelfServe-DependencyConnections-Beta-NA%2F1ed034e0-dd26-11ec-b447-127e751be755":"s{\"accountId\":\"826281750702\",\"accountRole\":\"IibsAdminAccess-DO-NOT-DELETE\",\"accountName\":\"PAMSelfServeWebServer-Beta\"}","awssumlink_cloudformation%3Aarn%3Aaws%3Acloudformation%3Aus-east-1%3A826281750702%3Astack%2FPAMSelfServe-ApiGateway-Beta-NA%2F45156ce0-debd-11ec-bc2d-0a996e8c9865":"s{\"accountId\":\"826281750702\",\"accountRole\":\"IibsAdminAccess-DO-NOT-DELETE\",\"accountName\":\"PAMSelfServeWebServer-Beta\"}","awssumlink_cloudwatch%3A%23logEventViewer%3Agroup%3D%2Faws%2Flambda%2FCODETEST_TransChangeControlServiceTests_2086278607%3Bstream%3D2022%2F06%2F01%2F%5B%24LATEST%5Db900b3f094cd41d8a54ea65c166431a7":"s{\"accountId\":\"733408578131\",\"accountRole\":\"IibsAdminAccess-DO-NOT-DELETE\",\"accountName\":\"TransChangeControlService-Beta\"}","awssumlink_cloudformation%3Aarn%3Aaws%3Acloudformation%3Aus-east-1%3A733408578131%3Astack%2FBeta-us-east-1-EcsService%2Fc0a08a60-f062-11eb-a7ca-0e4c53e0aefd":"s{\"accountId\":\"733408578131\",\"accountRole\":\"IibsAdminAccess-DO-NOT-DELETE\",\"accountName\":\"TransChangeControlService-Beta\"}","awssumlink_cloudformation%3Aarn%3Aaws%3Acloudformation%3Aus-east-1%3A336095519269%3Astack%2FProd-us-east-1-EcsService%2Fcffb1f30-f395-11eb-8a41-0a4f97d4255b":"s{\"accountId\":\"336095519269\",\"accountRole\":\"IibsAdminAccess-DO-NOT-DELETE\",\"accountName\":\"TransChangeControlService-Prod\"}","awssumlink_cloudformation%3Aarn%3Aaws%3Acloudformation%3Aus-east-1%3A336095519269%3Astack%2FProd-us-east-1-Monitoring%2F20c6a370-e586-11ec-ae2a-0a31637c3379":"s{\"accountId\":\"336095519269\",\"accountRole\":\"IibsAdminAccess-DO-NOT-DELETE\",\"accountName\":\"TransChangeControlService-Prod\"}","awssumlink_cloudformation%3Aarn%3Aaws%3Acloudformation%3Aus-east-1%3A826281750702%3Astack%2FPAMSelfServeUI-beta-us-east-1%2F9f2997f0-e800-11ec-ab08-0e4b24ff6db3":"s{\"accountId\":\"826281750702\",\"accountRole\":\"IibsAdminAccess-DO-NOT-DELETE\",\"accountName\":\"PAMSelfServeWebServer-Beta\"}","awssumlink_cloudformation%3Aarn%3Aaws%3Acloudformation%3Aus-east-1%3A826281750702%3Astack%2FPAMSelfServe-ECS-Service-Beta-NA%2Fa93a0720-e256-11ec-a188-0a1e76e6379d":"s{\"accountId\":\"826281750702\",\"accountRole\":\"IibsAdminAccess-DO-NOT-DELETE\",\"accountName\":\"PAMSelfServeWebServer-Beta\"}","awssumlink_s3%3Apamselfserve-ecs-service-loadbalanceraccesslogsbu-dsfxzyrp6du7%3Fregion%3Dus-east-1%26prefix%3DAWSLogs%2F826281750702":"s{\"accountId\":\"826281750702\",\"accountRole\":\"IibsAdminAccess-DO-NOT-DELETE\",\"accountName\":\"PAMSelfServeWebServer-Beta\"}","awssumlink_cloudformation%3Aarn%3Aaws%3Acloudformation%3Aus-east-1%3A826281750702%3Astack%2FPAMSelfServe-Vpc-Beta-NA%2Fe124abb0-db56-11ec-b62a-126c45b8aded":"s{\"accountId\":\"826281750702\",\"accountRole\":\"IibsAdminAccess-DO-NOT-DELETE\",\"accountName\":\"PAMSelfServeWebServer-Beta\"}","awssumlink_cloudformation%3Aarn%3Aaws%3Acloudformation%3Aus-east-1%3A826281750702%3Astack%2FPAMSelfServe-ECS-Service-Beta-NA%2Fe5964e70-eb40-11ec-bf4e-0eac9f3a9ab5":"s{\"accountId\":\"826281750702\",\"accountRole\":\"IibsAdminAccess-DO-NOT-DELETE\",\"accountName\":\"PAMSelfServeWebServer-Beta\"}","awssumlink_cloudformation%3Aarn%3Aaws%3Acloudformation%3Aus-east-1%3A826281750702%3Astack%2FCodeTestEntities-826281750702-d04a96b1a78c6223b96d3ccdceade673%2F06a96890-eb41-11ec-b990-0a6c0639dcb5":"s{\"accountId\":\"826281750702\",\"accountRole\":\"IibsAdminAccess-DO-NOT-DELETE\",\"accountName\":\"PAMSelfServeWebServer-Beta\"}","awssumlink_cloudformation%3Aarn%3Aaws%3Acloudformation%3Aus-east-1%3A826281750702%3Astack%2FPAMSelfServe-ECS-Service-Beta-NA%2Fa04cf650-eb42-11ec-b349-0a452403baa7":"s{\"accountId\":\"826281750702\",\"accountRole\":\"IibsAdminAccess-DO-NOT-DELETE\",\"accountName\":\"PAMSelfServeWebServer-Beta\"}","awssumlink_cloudformation%3Aarn%3Aaws%3Acloudformation%3Aus-east-1%3A826281750702%3Astack%2FPAMSelfServe-ECS-Service-Beta-NA%2F73f76040-eb47-11ec-a618-0e8fe4a0603d":"s{\"accountId\":\"826281750702\",\"accountRole\":\"IibsAdminAccess-DO-NOT-DELETE\",\"accountName\":\"PAMSelfServeWebServer-Beta\"}","awssumlink_cloudformation%3Aarn%3Aaws%3Acloudformation%3Aus-east-1%3A826281750702%3Astack%2FPAMSelfServe-ECS-Service-Beta-NA%2Fdef6fb20-eb4d-11ec-8c91-0aa1c296aae3":"s{\"accountId\":\"826281750702\",\"accountRole\":\"IibsAdminAccess-DO-NOT-DELETE\",\"accountName\":\"PAMSelfServeWebServer-Beta\"}","awssumlink_cloudformation%3Aarn%3Aaws%3Acloudformation%3Aus-east-1%3A826281750702%3Astack%2FPAMSelfServe-ECS-Service-Beta-NA%2F33e2fb60-eb4f-11ec-8d55-1226559f5489":"s{\"accountId\":\"826281750702\",\"accountRole\":\"IibsAdminAccess-DO-NOT-DELETE\",\"accountName\":\"PAMSelfServeWebServer-Beta\"}","awssumlink_cloudformation%3Aarn%3Aaws%3Acloudformation%3Aus-east-1%3A826281750702%3Astack%2FPAMSelfServe-DependencyConnections-Beta-NA%2F2c590fa0-dd27-11ec-b280-0ae05fad2151":"s{\"accountId\":\"826281750702\",\"accountRole\":\"IibsAdminAccess-DO-NOT-DELETE\",\"accountName\":\"PAMSelfServeWebServer-Beta\"}","awssumlink_cloudformation%3Aarn%3Aaws%3Acloudformation%3Aus-east-1%3A826281750702%3Astack%2FPAMSelfServe-Vpc-Beta-NA%2F4ac7f680-eba6-11ec-b337-1288d580aab5":"s{\"accountId\":\"826281750702\",\"accountRole\":\"IibsAdminAccess-DO-NOT-DELETE\",\"accountName\":\"PAMSelfServeWebServer-Beta\"}","awssumlink_cloudformation%3Aarn%3Aaws%3Acloudformation%3Aus-east-1%3A826281750702%3Astack%2FPAMSelfServe-Vpc-Beta-NA%2F19c1cd80-eba7-11ec-bd59-0e76f43425b7":"s{\"accountId\":\"826281750702\",\"accountRole\":\"IibsAdminAccess-DO-NOT-DELETE\",\"accountName\":\"PAMSelfServeWebServer-Beta\"}","awssumlink_cloudformation%3Aarn%3Aaws%3Acloudformation%3Aus-east-1%3A826281750702%3Astack%2FPAMSelfServeUI-beta-us-east-1%2F3b7026a0-e80c-11ec-9784-0ee74d231215":"s{\"accountId\":\"826281750702\",\"accountRole\":\"IibsAdminAccess-DO-NOT-DELETE\",\"accountName\":\"PAMSelfServeWebServer-Beta\"}","awssumlink_cloudformation%3Aarn%3Aaws%3Acloudformation%3Aus-east-1%3A826281750702%3Astack%2FPAMSelfServe-Vpc-Beta-NA%2Fc8102900-ebab-11ec-8ba9-0e6c3faf8b3b":"s{\"accountId\":\"826281750702\",\"accountRole\":\"IibsAdminAccess-DO-NOT-DELETE\",\"accountName\":\"PAMSelfServeWebServer-Beta\"}","awssumlink_cloudformation%3Aarn%3Aaws%3Acloudformation%3Aus-east-1%3A826281750702%3Astack%2FPAMSelfServe-Vpc-Beta-NA%2F5f964a70-ebac-11ec-acda-0e9c5ac97067":"s{\"accountId\":\"826281750702\",\"accountRole\":\"IibsAdminAccess-DO-NOT-DELETE\",\"accountName\":\"PAMSelfServeWebServer-Beta\"}","awssumlink_cloudformation%3Aarn%3Aaws%3Acloudformation%3Aus-east-1%3A826281750702%3Astack%2FPAMSelfServe-Vpc-Beta-NA%2F429942e0-ebae-11ec-ade9-0a0019aeeff5":"s{\"accountId\":\"826281750702\",\"accountRole\":\"IibsAdminAccess-DO-NOT-DELETE\",\"accountName\":\"PAMSelfServeWebServer-Beta\"}","awssumlink_cloudformation%3Aarn%3Aaws%3Acloudformation%3Aus-east-1%3A826281750702%3Astack%2FBONESBootstrap-4316614-826281750702-us-east-1%2F2b349080-d229-11ec-8811-0a6e6428d797":"s{\"accountId\":\"826281750702\",\"accountRole\":\"IibsAdminAccess-DO-NOT-DELETE\",\"accountName\":\"PAMSelfServeWebServer-Beta\"}","awssumlink_cloudformation%3Aarn%3Aaws%3Acloudformation%3Aus-east-1%3A826281750702%3Astack%2FPAMSelfServe-ECS-Service-Beta-NA%2F4640e3c0-ebd2-11ec-b21a-120207519467":"s{\"accountId\":\"826281750702\",\"accountRole\":\"IibsAdminAccess-DO-NOT-DELETE\",\"accountName\":\"PAMSelfServeWebServer-Beta\"}","awssumlink_cloudformation%3Aarn%3Aaws%3Acloudformation%3Aus-east-1%3A826281750702%3Astack%2FPAMSelfServe-Vpc-Beta-NA%2F040fcf80-ebd1-11ec-8078-0a280c0dcccd":"s{\"accountId\":\"826281750702\",\"accountRole\":\"IibsAdminAccess-DO-NOT-DELETE\",\"accountName\":\"PAMSelfServeWebServer-Beta\"}","awssumlink_cloudformation%3Aarn%3Aaws%3Acloudformation%3Aus-east-1%3A826281750702%3Astack%2FPAMSelfServe-ECS-Service-Beta-NA%2F1ad9c890-f10a-11ec-85d3-0af40d247689":"s{\"accountId\":\"826281750702\",\"accountRole\":\"IibsAdminAccess-DO-NOT-DELETE\",\"accountName\":\"PAMSelfServeWebServer-Beta\"}","awssumlink_cloudformation%3Aarn%3Aaws%3Acloudformation%3Aus-east-1%3A440117530888%3Astack%2FPAMSelfServe-ECS-Service-Gamma-NA%2F57d41c00-ebfb-11ec-9521-0e3ee43879e1":"s{\"accountId\":\"440117530888\",\"accountRole\":\"IibsAdminAccess-DO-NOT-DELETE\",\"accountName\":\"PAMSelfServeWebServer-Gamma\"}","awssumlink_cloudformation%3Aarn%3Aaws%3Acloudformation%3Aus-east-1%3A826281750702%3Astack%2FPAMSelfServe-DependentConnections-Beta-NA%2F0bf0d6b0-f10b-11ec-b144-0e27cf8fb4a9":"s{\"accountId\":\"826281750702\",\"accountRole\":\"IibsAdminAccess-DO-NOT-DELETE\",\"accountName\":\"PAMSelfServeWebServer-Beta\"}","awssumlink_cloudformation%3Aarn%3Aaws%3Acloudformation%3Aus-east-1%3A733408578131%3Astack%2FBeta-us-east-1-Vpc%2F7f71c490-f059-11eb-b732-0e80bfdca6c9":"s{\"accountId\":\"733408578131\",\"accountRole\":\"IibsAdminAccess-DO-NOT-DELETE\",\"accountName\":\"TransChangeControlService-Beta\"}","awssumlink_cloudformation%3Aarn%3Aaws%3Acloudformation%3Aus-east-1%3A733408578131%3Astack%2FBeta-us-east-1-Monitoring%2F04582c40-db40-11ec-8096-0e0dc7fb3703":"s{\"accountId\":\"733408578131\",\"accountRole\":\"IibsAdminAccess-DO-NOT-DELETE\",\"accountName\":\"TransChangeControlService-Beta\"}","awsumlink_104897210296":"sTransPassport-IAD-Prod","awssumlink_cloudwatch%3A%23logStream%3Agroup%3D%2Faws-glue%2Fjobs%2Flogs-v2%3Bprefix%3Djr_4c727e4266c3258af0dda803bb35409ed5933f93a219398c9ef2a32f2ea1aacd%3BstreamFilter%3DtypeLogStreamPrefix":"s{\"accountId\":\"465441244299\",\"accountRole\":\"IibsAdminAccess-DO-NOT-DELETE\",\"accountName\":\"TravisService-Production\"}","awssumlink_cloudwatch%3A%23logStream%3Agroup%3D%2Faws-glue%2Fjobs%2Flogs-v2%3Bprefix%3Djr_53828fa94b166a81be8ce470e36eb97252aa51b7392ade7fc3d05efce318c819%3BstreamFilter%3DtypeLogStreamPrefix":"s{\"accountId\":\"465441244299\",\"accountRole\":\"IibsAdminAccess-DO-NOT-DELETE\",\"accountName\":\"TravisService-Production\"}","awssumlink_cloudwatch%3A%23logStream%3Agroup%3D%2Faws-glue%2Fjobs%2Flogs-v2%3Bprefix%3Djr_4a20851a78dc9a4bf3dad428e3fe72492a638b9fe7cf0a21998463c5bc6daa13%3BstreamFilter%3DtypeLogStreamPrefix":"s{\"accountId\":\"465441244299\",\"accountRole\":\"IibsAdminAccess-DO-NOT-DELETE\",\"accountName\":\"TravisService-Production\"}","awssumlink_cloudwatch%3A%23logStream%3Agroup%3D%2Faws-glue%2Fjobs%2Flogs-v2%3Bprefix%3Djr_4c727e4266c3258af0dda803bb35409ed5933f93a219398c9ef2a32f2ea1aacd_attempt_1%3BstreamFilter%3DtypeLogStreamPrefix":"s{\"accountId\":\"465441244299\",\"accountRole\":\"IibsAdminAccess-DO-NOT-DELETE\",\"accountName\":\"TravisService-Production\"}","awssumlink_cloudwatch%3A%23logStream%3Agroup%3D%2Faws-glue%2Fjobs%2Flogs-v2%3Bprefix%3Djr_4a20851a78dc9a4bf3dad428e3fe72492a638b9fe7cf0a21998463c5bc6daa13_attempt_1%3BstreamFilter%3DtypeLogStreamPrefix":"s{\"accountId\":\"465441244299\",\"accountRole\":\"IibsAdminAccess-DO-NOT-DELETE\",\"accountName\":\"TravisService-Production\"}","awssumlink_cloudwatch%3A%23logStream%3Agroup%3D%2Faws-glue%2Fjobs%2Flogs-v2%3Bprefix%3Djr_4c727e4266c3258af0dda803bb35409ed5933f93a219398c9ef2a32f2ea1aacd_attempt_2%3BstreamFilter%3DtypeLogStreamPrefix":"s{\"accountId\":\"465441244299\",\"accountRole\":\"IibsAdminAccess-DO-NOT-DELETE\",\"accountName\":\"TravisService-Production\"}","awssumlink_cloudwatch%3A%23logStream%3Agroup%3D%2Faws-glue%2Fjobs%2Flogs-v2%3Bprefix%3Djr_ff639311d9f6c075a7d09184b583fd926622a9c3c30c4b8a2262a23b9ca02604_attempt_1%3BstreamFilter%3DtypeLogStreamPrefix":"s{\"accountId\":\"465441244299\",\"accountRole\":\"IibsAdminAccess-DO-NOT-DELETE\",\"accountName\":\"TravisService-Production\"}","awssumlink_cloudformation%3Aarn%3Aaws%3Acloudformation%3Aus-east-1%3A107249681800%3Astack%2FPipeline-TransCapacityManagementService%2F4c49c410-1280-11ed-8db4-124c684a8891":"s{\"accountId\":\"107249681800\",\"accountRole\":\"IibsAdminAccess-DO-NOT-DELETE\",\"accountName\":\"drshtn-personal-aws\"}","awssumlink_cloudformation%3Aarn%3Aaws%3Acloudformation%3Aus-east-1%3A107249681800%3Astack%2FTransCapacityManagementService-Vpc-Beta%2F0e8bf6c0-1564-11ed-8d4e-0ecc52db8987":"s{\"accountId\":\"107249681800\",\"accountRole\":\"IibsAdminAccess-DO-NOT-DELETE\",\"accountName\":\"drshtn-personal-aws\"}","awssumlink_cloudformation%3Aarn%3Aaws%3Acloudformation%3Aus-east-1%3A107249681800%3Astack%2FTransCapacityManagementService-Vpc-Beta%2F9ca35560-156a-11ed-81b7-12a2db717d05":"s{\"accountId\":\"107249681800\",\"accountRole\":\"IibsAdminAccess-DO-NOT-DELETE\",\"accountName\":\"drshtn-personal-aws\"}","awssumlink_cloudformation%3Aarn%3Aaws%3Acloudformation%3Aus-east-1%3A107249681800%3Astack%2FTransCapacityManagementService-Vpc-Beta%2Fdd5d40b0-1570-11ed-bf93-0ee9dd2fa71d":"s{\"accountId\":\"107249681800\",\"accountRole\":\"IibsAdminAccess-DO-NOT-DELETE\",\"accountName\":\"drshtn-personal-aws\"}","awssumlink_cloudformation%3Aarn%3Aaws%3Acloudformation%3Aus-east-1%3A107249681800%3Astack%2FTransCapacityManagementService-Vpc-Beta%2Fde2e0160-1574-11ed-bb82-12d4fd6a4fbd":"s{\"accountId\":\"107249681800\",\"accountRole\":\"IibsAdminAccess-DO-NOT-DELETE\",\"accountName\":\"drshtn-personal-aws\"}","awssumlink_cloudformation%3Aarn%3Aaws%3Acloudformation%3Aus-east-1%3A107249681800%3Astack%2FTransCapacityManagementService-Vpc-Beta%2Fdaedd510-1575-11ed-88ed-1286787ee283":"s{\"accountId\":\"107249681800\",\"accountRole\":\"IibsAdminAccess-DO-NOT-DELETE\",\"accountName\":\"drshtn-personal-aws\"}","awssumlink_cloudformation%3Aarn%3Aaws%3Acloudformation%3Aus-east-1%3A107249681800%3Astack%2FTransCapacityManagementService-EcsCluster-Beta-NA%2F8331da00-1576-11ed-bb55-0e7e8992ea91":"s{\"accountId\":\"107249681800\",\"accountRole\":\"IibsAdminAccess-DO-NOT-DELETE\",\"accountName\":\"drshtn-personal-aws\"}","awssumlink_cloudformation%3Aarn%3Aaws%3Acloudformation%3Aus-east-1%3A203789285483%3Astack%2FTransCapacityManagementService-Vpc-Beta%2F491b15e0-1650-11ed-8a3a-0a908e77b047":"s{\"accountId\":\"203789285483\",\"accountRole\":\"IibsAdminAccess-DO-NOT-DELETE\",\"accountName\":\"TransCapacityManagementService-Beta\"}","awssumlink_cloudformation%3Aarn%3Aaws%3Acloudformation%3Aus-east-1%3A203789285483%3Astack%2FTransCapacityManagementService-Vpc-Beta%2Fab9d6c20-1657-11ed-b9a4-1254e216e535":"s{\"accountId\":\"203789285483\",\"accountRole\":\"IibsAdminAccess-DO-NOT-DELETE\",\"accountName\":\"TransCapacityManagementService-Beta\"}","awssumlink_cloudformation%3Aarn%3Aaws%3Acloudformation%3Aus-east-1%3A203789285483%3Astack%2FTransCapacityManagementService-EcsService-Beta-NA%2F16679160-1659-11ed-ba0a-0acdbdb96775":"s{\"accountId\":\"203789285483\",\"accountRole\":\"IibsAdminAccess-DO-NOT-DELETE\",\"accountName\":\"TransCapacityManagementService-Beta\"}","awssumlink_cloudformation%3Aarn%3Aaws%3Acloudformation%3Aus-east-1%3A107249681800%3Astack%2FTransCapacityManagementService-EcsService-Beta-NA%2F44f65800-1577-11ed-9f2a-0a090a8cb9e1":"s{\"accountId\":\"107249681800\",\"accountRole\":\"IibsAdminAccess-DO-NOT-DELETE\",\"accountName\":\"drshtn-personal-aws\"}","awssumlink_cloudformation%3Aarn%3Aaws%3Acloudformation%3Aus-east-1%3A203789285483%3Astack%2FTransCapacityManagementService-Network-Beta-NA%2F29172200-1675-11ed-b0fe-0eaf41dd04e1":"s{\"accountId\":\"203789285483\",\"accountRole\":\"IibsAdminAccess-DO-NOT-DELETE\",\"accountName\":\"TransCapacityManagementService-Beta\"}","awssumlink_cloudformation%3Aarn%3Aaws%3Acloudformation%3Aus-east-1%3A107249681800%3Astack%2FBONESBootstrap-4616170-107249681800-us-east-1%2F5316afc0-1423-11ed-b2ab-121de38a7e19":"s{\"accountId\":\"107249681800\",\"accountRole\":\"IibsAdminAccess-DO-NOT-DELETE\",\"accountName\":\"drshtn-personal-aws\"}","awssumlink_cloudwatch%3A%23logEventViewer%3Agroup%3D%2Faws%2Flambda%2FCODETEST_TransCapacityManagementServiceTests_0596972574%3Bstream%3D2022%2F08%2F07%2F%255B%24LATEST%255D40e9a977511945b18ed8bfaeae12e243":"s{\"accountId\":\"203789285483\",\"accountRole\":\"IibsAdminAccess-DO-NOT-DELETE\",\"accountName\":\"TransCapacityManagementService-Beta\"}","awsumlink_203789285483":"sTransCapacityManagementService-Beta","awssumlink_cloudformation%3Aarn%3Aaws%3Acloudformation%3Aus-east-1%3A203789285483%3Astack%2FTransCapacityManagementService-EcsCluster-Beta-NA%2F520ab540-1658-11ed-addf-12e39228235f":"s{\"accountId\":\"203789285483\",\"accountRole\":\"IibsAdminAccess-DO-NOT-DELETE\",\"accountName\":\"TransCapacityManagementService-Beta\"}","awssumlink_cloudformation%3Aarn%3Aaws%3Acloudformation%3Aus-east-1%3A203789285483%3Astack%2FTransCapacityManagementService-Storage-Beta-NA%2F824c4e10-1a2e-11ed-a0a3-0ebf32735591":"s{\"accountId\":\"203789285483\",\"accountRole\":\"IibsAdminAccess-DO-NOT-DELETE\",\"accountName\":\"TransCapacityManagementService-Beta\"}","awssumlink_cloudformation%3Aarn%3Aaws%3Acloudformation%3Aus-east-1%3A203789285483%3Astack%2FTransCapacityManagementService-EcsService-Beta-NA%2F60cfce70-1b18-11ed-ac80-0ac625f385d7":"s{\"accountId\":\"203789285483\",\"accountRole\":\"IibsAdminAccess-DO-NOT-DELETE\",\"accountName\":\"TransCapacityManagementService-Beta\"}","awssumlink_cloudformation%3Aarn%3Aaws%3Acloudformation%3Aus-east-1%3A203789285483%3Astack%2FTransCapacityComputationEngine-EcsCluster-beta-NA%2F055701f0-22fa-11ed-90e4-0e952ff1983f":"s{\"accountId\":\"203789285483\",\"accountRole\":\"IibsAdminAccess-DO-NOT-DELETE\",\"accountName\":\"TransCapacityManagementService-Beta\"}","awssumlink_cloudformation%3Aarn%3Aaws%3Acloudformation%3Aus-east-1%3A203789285483%3Astack%2FTransCapacityComputationEngine-Vpc-beta%2F74de9a20-22f9-11ed-b2be-0a31da424347":"s{\"accountId\":\"203789285483\",\"accountRole\":\"IibsAdminAccess-DO-NOT-DELETE\",\"accountName\":\"TransCapacityManagementService-Beta\"}","awssumlink_cloudformation%3Aarn%3Aaws%3Acloudformation%3Aus-east-1%3A203789285483%3Astack%2FTransCapacityComputationEngine-EcsService-beta-NA%2Fc1f83130-22fa-11ed-807f-0e2e4c996b45":"s{\"accountId\":\"203789285483\",\"accountRole\":\"IibsAdminAccess-DO-NOT-DELETE\",\"accountName\":\"TransCapacityManagementService-Beta\"}","awssumlink_cloudformation%3Aarn%3Aaws%3Acloudformation%3Aus-east-1%3A203789285483%3Astack%2FTransCapacityManagementService-EcsService-Beta-NA%2Fb4785870-23fc-11ed-9731-1231e463b7cd":"s{\"accountId\":\"203789285483\",\"accountRole\":\"IibsAdminAccess-DO-NOT-DELETE\",\"accountName\":\"TransCapacityManagementService-Beta\"}","awssumlink_cloudformation%3Aarn%3Aaws%3Acloudformation%3Aus-east-1%3A203789285483%3Astack%2FTransCapacityComputationEngine-EcsService-beta-NA%2F1e3d9590-2466-11ed-96ad-12a6ffeb9497":"s{\"accountId\":\"203789285483\",\"accountRole\":\"IibsAdminAccess-DO-NOT-DELETE\",\"accountName\":\"TransCapacityManagementService-Beta\"}","awssumlink_cloudformation%3Aarn%3Aaws%3Acloudformation%3Aus-east-1%3A402686688716%3Astack%2FSCMS-EcsService-Beta-NA%2F42cfa500-748c-11eb-a476-1277bf9feb05":"s{\"accountId\":\"402686688716\",\"accountRole\":\"IibsAdminAccess-DO-NOT-DELETE\",\"accountName\":\"CMSWebServer-beta\"}","awssumlink_cloudwatch%3A%23logEventViewer%3Agroup%3D%2Faws%2Flambda%2FCODETEST_TransCapacityManagementServiceTests_0596972574%3Bstream%3D2022%2F09%2F09%2F%5B%24LATEST%5Dc14010d39da447c9a17f2fb2e276d2ab":"s{\"accountId\":\"203789285483\",\"accountRole\":\"IibsAdminAccess-DO-NOT-DELETE\",\"accountName\":\"TransCapacityManagementService-Beta\"}","awssumlink_cloudwatch%3A%23logEventViewer%3Agroup%3D%2Faws%2Flambda%2FCODETEST_TransCapacityManagementServiceTests_0596972574%3Bstream%3D2022%2F09%2F12%2F%5B%24LATEST%5Dffd2337d540b4881ac8d3f21014e1086":"s{\"accountId\":\"203789285483\",\"accountRole\":\"IibsAdminAccess-DO-NOT-DELETE\",\"accountName\":\"TransCapacityManagementService-Beta\"}","awssumlink_cloudwatch%3A%23alarmsV2%3Aalarm%2FTrialsConfigService-prod-us-west-2-TrialsConfigService-prod-us-west-2-Healthy-Tasks-Warning":"s{\"accountId\":\"669610632344\",\"accountRole\":\"IibsAdminAccess-DO-NOT-DELETE\",\"accountName\":\"cdo-trans-trials-prod-na\"}","awssumlink_cloudwatch%3A%23alarmsV2%3Aalarm%2FTrialsConfigService-prod-us-west-2-TrialsConfigService-prod-us-west-2-Healthy-Tasks-Warning%3F":"s{\"accountId\":\"669610632344\",\"accountRole\":\"IibsAdminAccess-DO-NOT-DELETE\",\"accountName\":\"cdo-trans-trials-prod-na\"}","awssumlink_cloudwatch%3A%23alarmsV2%3Aalarm%2FTargetTracking-service%242Fprod-us-west-2-EcsCluster-ClusterEB0386A7-d2LidnUHGEHd%242Fprod-us-west-2-EcsService-Service9571FDD8-zz6Bxc8ZcPPN-AlarmLow-b5431db9-1ac8-4481-9c8e-dc1f73b0c321%3F~(alarmStateFilter~'ALARM)":"s{\"accountId\":\"669610632344\",\"accountRole\":\"IibsAdminAccess-DO-NOT-DELETE\",\"accountName\":\"cdo-trans-trials-prod-na\"}","awssumlink_cloudwatch%3A%23alarmsV2%3Aalarm%2FTargetTracking-service%242Fprod-us-west-2-EcsCluster-ClusterEB0386A7-d2LidnUHGEHd%242Fprod-us-west-2-EcsService-Service9571FDD8-zz6Bxc8ZcPPN-AlarmLow-ff158c16-6626-4bc9-8d6a-4ff403416a5e%3F~(alarmStateFilter~'ALARM)":"s{\"accountId\":\"669610632344\",\"accountRole\":\"IibsAdminAccess-DO-NOT-DELETE\",\"accountName\":\"cdo-trans-trials-prod-na\"}","awsumlink_826281750702":"sPAMSelfServeWebServer-Beta","awssumlink_cloudformation%3Aarn%3Aaws%3Acloudformation%3Aus-east-1%3A203789285483%3Astack%2FPipeline-TransCapacityManagementService%2Fba3c0500-164a-11ed-b4f3-1239b3726ccd":"s{\"accountId\":\"203789285483\",\"accountRole\":\"IibsAdminAccess-DO-NOT-DELETE\",\"accountName\":\"TransCapacityManagementService-Beta\"}","awssumlink_cloudformation%3Aarn%3Aaws%3Acloudformation%3Aus-east-1%3A203789285483%3Astack%2FTransCapacityManagementService-EcsService-Beta-NA%2F26939390-41e7-11ed-a5a4-0a3a27593397":"s{\"accountId\":\"203789285483\",\"accountRole\":\"IibsAdminAccess-DO-NOT-DELETE\",\"accountName\":\"TransCapacityManagementService-Beta\"}","awssumlink_cloudformation%3Aarn%3Aaws%3Acloudformation%3Aus-east-1%3A068565196274%3Astack%2FTransCapacityManagementService-EcsCluster-Gamma-NA%2Feb1a9650-41ce-11ed-85c2-0e7978bf37f7":"s{\"accountId\":\"068565196274\",\"accountRole\":\"IibsAdminAccess-DO-NOT-DELETE\",\"accountName\":\"TransCapacityManagementService-Gamma\"}","awssumlink_cloudformation%3Aarn%3Aaws%3Acloudformation%3Aus-east-1%3A068565196274%3Astack%2FTransCapacityManagementService-EcsService-Gamma-NA%2Faf336490-41cf-11ed-8811-0ef508b183fd":"s{\"accountId\":\"068565196274\",\"accountRole\":\"IibsAdminAccess-DO-NOT-DELETE\",\"accountName\":\"TransCapacityManagementService-Gamma\"}","awssumlink_cloudformation%3Aarn%3Aaws%3Acloudformation%3Aus-east-1%3A408180736068%3Astack%2FTransCapacityManagementService-EcsService-Prod-NA%2F8d9a69e0-41d5-11ed-a380-0e7f8a5bfcb7":"s{\"accountId\":\"408180736068\",\"accountRole\":\"IibsAdminAccess-DO-NOT-DELETE\",\"accountName\":\"TransCapacityManagementService-Prod\"}","awssumlink_cloudformation%3Aarn%3Aaws%3Acloudformation%3Aus-east-1%3A203789285483%3Astack%2FTransCapacityManagementService-Storage-Beta-NA%2F0db9f850-1b18-11ed-82c8-12a54594ec61":"s{\"accountId\":\"203789285483\",\"accountRole\":\"IibsAdminAccess-DO-NOT-DELETE\",\"accountName\":\"TransCapacityManagementService-Beta\"}","awssumlink_cloudformation%3Aarn%3Aaws%3Acloudformation%3Aus-east-1%3A203789285483%3Astack%2FTransCapacityManagementService-Storage-Beta-NA%2F9fedd0a0-4fae-11ed-82e8-0e88379e0563":"s{\"accountId\":\"203789285483\",\"accountRole\":\"IibsAdminAccess-DO-NOT-DELETE\",\"accountName\":\"TransCapacityManagementService-Beta\"}","awssumlink_cloudformation%3Aarn%3Aaws%3Acloudformation%3Aus-east-1%3A203789285483%3Astack%2FTransCapacityManagementService-EcsService-Beta-NA%2F1228fda0-4f8e-11ed-a766-0e2e4c996b45":"s{\"accountId\":\"203789285483\",\"accountRole\":\"IibsAdminAccess-DO-NOT-DELETE\",\"accountName\":\"TransCapacityManagementService-Beta\"}","awssumlink_s3%3Acapacity-request-report%3Fregion%3Dus-east-1%26prefix%3Dcapacity-request-report":"s{\"accountId\":\"203789285483\",\"accountRole\":\"IibsAdminAccess-DO-NOT-DELETE\",\"accountName\":\"TransCapacityManagementService-Beta\"}","awssumlink_cloudformation%3Aarn%3Aaws%3Acloudformation%3Aus-east-1%3A203789285483%3Astack%2FTransCapacityManagementService-Monitoring-Beta-NA%2F92b87350-7d2f-11ed-a2e6-0e9fd2770e1b":"s{\"accountId\":\"203789285483\",\"accountRole\":\"IibsAdminAccess-DO-NOT-DELETE\",\"accountName\":\"TransCapacityManagementService-Beta\"}","awssumlink_cloudwatch%3A%23alarmsV2%3Aalarm%2FTransCapacityManagementService-Beta-us-east-1-Operation-TransCapacityManagementService-GetCapacityRequests-Latency-P99-Warning%3F":"s{\"accountId\":\"203789285483\",\"accountRole\":\"IibsAdminAccess-<amazon-acronym>DO<\",\"accountName\":\"TransCapacityManagementService-Beta\"}","awssumlink_s3%3Acapacity-request-report%3Fregion%3Dus-east-1%26prefix%3Damzn1.pa.o.A1HQGLIOYPE2XN%2F2022%2F12%2F20":"s{\"accountId\":\"203789285483\",\"accountRole\":\"IibsAdminAccess-DO-NOT-DELETE\",\"accountName\":\"TransCapacityManagementService-Beta\"}","awssumlink_s3%3Acapacity-request-report%3Fregion%3Dus-east-1%26prefix%3Dcapacity-request-report%2Famzn1.pa.o.A1HQGLIOYPE2XN%2F2022%2F12%2F29":"s{\"accountId\":\"203789285483\",\"accountRole\":\"IibsAdminAccess-DO-NOT-DELETE\",\"accountName\":\"TransCapacityManagementService-Beta\"}","awssumlink_s3%3Acapacity-request-report%3Fregion%3Dus-east-1%26prefix%3Dcapacity-request-report%2Famzn1.pa.o.A1HQGLIOYPE2XN%2F2023%2F01%2F05":"s{\"accountId\":\"203789285483\",\"accountRole\":\"IibsAdminAccess-DO-NOT-DELETE\",\"accountName\":\"TransCapacityManagementService-Beta\"}","awssumlink_s3%3Acapacity-request-report%3Fregion%3Dus-east-1%26prefix%3D2023%2F01%2F06":"s{\"accountId\":\"203789285483\",\"accountRole\":\"IibsAdminAccess-DO-NOT-DELETE\",\"accountName\":\"TransCapacityManagementService-Beta\"}","awssumlink_s3%3Acapacity-request-report%3Fregion%3Dus-east-1%26prefix%3D2023%2F01%2F07":"s{\"accountId\":\"203789285483\",\"accountRole\":\"IibsAdminAccess-DO-NOT-DELETE\",\"accountName\":\"TransCapacityManagementService-Beta\"}","awssumlink_cloudwatch%3A%23logEventViewer%3Agroup%3DTransCapacityComputationEngine-beta-FireLensContainerLogs%3Bstream%3DFireLens-%2FFireLensContainer%2F6e17bbb048744ec79d22d06d9d4a3dbf":"s{\"accountId\":\"203789285483\",\"accountRole\":\"IibsAdminAccess-DO-NOT-DELETE\",\"accountName\":\"TransCapacityManagementService-Beta\"}","awssumlink_s3%3Acapacity-request-report%3Fregion%3Dus-east-1%26prefix%3D2023%2F01%2F26":"s{\"accountId\":\"203789285483\",\"accountRole\":\"IibsAdminAccess-DO-NOT-DELETE\",\"accountName\":\"TransCapacityManagementService-Beta\"}","awssumlink_s3%3Acapacity-request-report%3Fregion%3Dus-east-1%26prefix%3D2023%2F01%2F31":"s{\"accountId\":\"203789285483\",\"accountRole\":\"IibsAdminAccess-DO-NOT-DELETE\",\"accountName\":\"TransCapacityManagementService-Beta\"}","awssumlink_lambda%3ACloudWatchAllRulesDeletion":"s{\"accountId\":\"203789285483\",\"accountRole\":\"IibsAdminAccess-<amazon-acronym>DO<\",\"accountName\":\"TransCapacityManagementService-Beta\"}","awssumlink_lambda%3ACloudWatchAllRulesDeletion%2Fedit%2Fbasic-settings":"s{\"accountId\":\"203789285483\",\"accountRole\":\"IibsAdminAccess-<amazon-acronym>DO<\",\"accountName\":\"TransCapacityManagementService-Beta\"}","awssumlink_lambda%3Aarn%3Aaws%3Alambda%3Aus-east-1%3A203789285483%3Afunction%3ACloudWatchAllRulesDeletion":"s{\"accountId\":\"203789285483\",\"accountRole\":\"IibsAdminAccess-<amazon-acronym>DO<\",\"accountName\":\"TransCapacityManagementService-Beta\"}","awssumlink_cloudwatch%3A%23alarmsV2%3Aalarm%2FTransCapacityComputationEngine-beta-us-east-1-TransCapacityComputationEngine-beta-us-east-1-tasks-HitAndGapTaskFailure-beta-us-east-1-alarm-Critical%3F~(search~'task)":"s{\"accountId\":\"203789285483\",\"accountRole\":\"IibsAdminAccess-DO-NOT-DELETE\",\"accountName\":\"TransCapacityManagementService-Beta\"}","awssumlink_cloudwatch%3A%23alarmsV2%3Aalarm%2FTransCapacityComputationEngine-beta-us-east-1-TransCapacityComputationEngine-beta-us-east-1-tasks-HitTaskFailure-beta-us-east-1-alarm-Critical%3F~(search~'task)":"s{\"accountId\":\"203789285483\",\"accountRole\":\"IibsAdminAccess-DO-NOT-DELETE\",\"accountName\":\"TransCapacityManagementService-Beta\"}","awssumlink_cloudwatch%3A%23alarmsV2%3Aalarm%2FTransCapacityComputationEngine-beta-us-east-1-TransCapacityComputationEngine-beta-us-east-1-tasks-HitAndGapTaskFailure-beta-us-east-1-alarm-Critical%3F~(Page~'MetricSelection~AlarmType~'MetricAlarm~AlarmData~(Metrics~(~)~AlarmName~'~AlarmDescription~'~ActionsEnabled~true~ComparisonOperator~'GreaterThanThreshold~DatapointsToAlarm~1~EvaluationPeriods~1~TreatMissingData~'missing~AlarmActions~(~)~InsufficientDataActions~(~)~OKActions~(~)))":"s{\"accountId\":\"203789285483\",\"accountRole\":\"IibsAdminAccess-<amazon-acronym>DO<\",\"accountName\":\"TransCapacityManagementService-Beta\"}","awssumlink_cloudformation%3Aarn%3Aaws%3Acloudformation%3Aus-east-1%3A203789285483%3Astack%2FSuperStarBootstrapGlobal-203789285483%2F3b436820-b2ed-11ed-91ed-0e61bfd5051d":"s{\"accountId\":\"203789285483\",\"accountRole\":\"IibsAdminAccess-DO-NOT-DELETE\",\"accountName\":\"TransCapacityManagementService-Beta\"}","awssumlink_cloudformation%3Aarn%3Aaws%3Acloudformation%3Aus-east-1%3A203789285483%3Astack%2FTransCapacityComputationEngine-Tasks-beta-NA%2F359f7e90-cc92-11ed-94b0-120f5429e525":"s{\"accountId\":\"203789285483\",\"accountRole\":\"IibsAdminAccess-DO-NOT-DELETE\",\"accountName\":\"TransCapacityManagementService-Beta\"}","awssumlink_cloudformation%3Aarn%3Aaws%3Acloudformation%3Aus-east-1%3A203789285483%3Astack%2FTransCapacityManagementService-Beta-NA-Superstar%2F781d9d10-b347-11ed-ba7c-0e73ebef6bff":"s{\"accountId\":\"203789285483\",\"accountRole\":\"IibsAdminAccess-DO-NOT-DELETE\",\"accountName\":\"TransCapacityManagementService-Beta\"}","awssumlink_cloudformation%3Aarn%3Aaws%3Acloudformation%3Aus-east-1%3A203789285483%3Astack%2FTransCapacityManagementService-Beta-NA%2F55f49fc0-b33f-11ed-9598-0e95f79b1b65":"s{\"accountId\":\"203789285483\",\"accountRole\":\"IibsAdminAccess-DO-NOT-DELETE\",\"accountName\":\"TransCapacityManagementService-Beta\"}","awssumlink_cloudformation%3Aarn%3Aaws%3Acloudformation%3Aus-east-1%3A203789285483%3Astack%2FTransCapacityManagementService-EcsCluster-Beta-NA%2F4a278380-4f8d-11ed-a792-12f6e43e94ed":"s{\"accountId\":\"203789285483\",\"accountRole\":\"IibsAdminAccess-DO-NOT-DELETE\",\"accountName\":\"TransCapacityManagementService-Beta\"}","awssumlink_cloudwatch%3A%23alarmsV2%3Aalarm%2FPassportAccessManagementCoreService-Prod-us-east-1-DDB-PermissionKeyInformation-ConsumedReadCapacityUnits-Alarm":"s{\"accountId\":\"577044234565\",\"accountRole\":\"IibsAdminAccess-<amazon-acronym>DO<\",\"accountName\":\"PassportAccessManagement-IAD-Prod\"}","awssumlink_cloudwatch%3A%23alarmsV2%3Aalarm%2FTransCapacityComputationEngine-beta-us-east-1-tasks-HitTaskFailure-beta-us-east-1-alarm-Critical%3F":"s{\"accountId\":\"203789285483\",\"accountRole\":\"IibsAdminAccess-DO-NOT-DELETE\",\"accountName\":\"TransCapacityManagementService-Beta\"}","awssumlink_cloudwatch%3A%23alarmsV2%3Aalarm%2FTransCapacityComputationEngine-beta-us-east-1-tasks-HitTaskFailure-beta-us-east-1-alarm-Critical":"s{\"accountId\":\"203789285483\",\"accountRole\":\"IibsAdminAccess-<amazon-acronym>DO<\",\"accountName\":\"TransCapacityManagementService-Beta\"}","awssumlink_cloudwatch%3A%23alarmsV2%3Aalarm%2FTransCapacityComputationEngine-beta-us-east-1-tasks-HitAndGapTaskSuccess-beta-us-east-1-alarm-Critical%3F":"s{\"accountId\":\"203789285483\",\"accountRole\":\"IibsAdminAccess-DO-NOT-DELETE\",\"accountName\":\"TransCapacityManagementService-Beta\"}","awssumlink_cloudwatch%3A%23alarmsV2%3Aalarm%2FTransCapacityComputationEngine-beta-us-east-1-tasks-HitAndGapTaskSuccess-beta-us-east-1-alarm-Critical":"s{\"accountId\":\"203789285483\",\"accountRole\":\"IibsAdminAccess-<amazon-acronym>DO<\",\"accountName\":\"TransCapacityManagementService-Beta\"}","awssumlink_cloudwatch%3A%23alarmsV2%3Aalarm%2FTransCapacityComputationEngine-beta-us-east-1-tasks-HitAndGapTaskFailure-beta-us-east-1-alarm-Critical%3F~(search~'hit)":"s{\"accountId\":\"203789285483\",\"accountRole\":\"IibsAdminAccess-DO-NOT-DELETE\",\"accountName\":\"TransCapacityManagementService-Beta\"}","awssumlink_cloudwatch%3A%23alarmsV2%3Aalarm%2FTransCapacityComputationEngine-beta-us-east-1-tasks-HitTaskFailure-beta-us-east-1-alarm-Critical%3F~(search~'hit)":"s{\"accountId\":\"203789285483\",\"accountRole\":\"IibsAdminAccess-DO-NOT-DELETE\",\"accountName\":\"TransCapacityManagementService-Beta\"}","awssumlink_cloudwatch%3A%23alarmsV2%3Aalarm%2FTransCapacityComputationEngine-beta-us-east-1-tasks-HitTaskSuccess-beta-us-east-1-alarm-Critical%3F~(search~'hit)":"s{\"accountId\":\"203789285483\",\"accountRole\":\"IibsAdminAccess-DO-NOT-DELETE\",\"accountName\":\"TransCapacityManagementService-Beta\"}","awssumlink_cloudwatch%3A%23alarmsV2%3Aalarm%2FTransCapacityComputationEngine-beta-us-east-1-tasks-HitAndGapTaskFailure1-beta-us-east-1-alarm-Critical%3F~(search~'hit)":"s{\"accountId\":\"203789285483\",\"accountRole\":\"IibsAdminAccess-DO-NOT-DELETE\",\"accountName\":\"TransCapacityManagementService-Beta\"}","awssumlink_cloudwatch%3A%23alarmsV2%3Aalarm%2FTransCapacityComputationEngine-beta-us-east-1-tasks-HitTaskFailure1-beta-us-east-1-alarm-Critical%3F~(search~'hit)":"s{\"accountId\":\"203789285483\",\"accountRole\":\"IibsAdminAccess-DO-NOT-DELETE\",\"accountName\":\"TransCapacityManagementService-Beta\"}","awssumlink_cloudwatch%3A%23alarmsV2%3Aalarm%2FTransCapacityComputationEngine-beta-us-east-1-tasks-HitAndGapTaskFailure-beta-us-east-1-alarm-Critical%3F":"s{\"accountId\":\"203789285483\",\"accountRole\":\"IibsAdminAccess-DO-NOT-DELETE\",\"accountName\":\"TransCapacityManagementService-Beta\"}","awssumlink_cloudwatch%3A%23alarmsV2%3Aalarm%2FTransCapacityComputationEngine-beta-us-east-1-tasks-HitAndGapTaskFailure-beta-us-east-1-alarm-Critical":"s{\"accountId\":\"203789285483\",\"accountRole\":\"IibsAdminAccess-<amazon-acronym>DO<\",\"accountName\":\"TransCapacityManagementService-Beta\"}","awssumlink_s3%3Ainsact-raw-data-prod%3Fregion%3Dus-east-1%26prefix%3Dcarrier_performance_backlog_data%2Feu%2Fcead%2Fzip2_data%2Famzn1.pa.o.AGW9V3C57TEQV":"s{\"accountId\":\"912507783504\",\"accountRole\":\"IibsAdminAccess-DO-NOT-DELETE\",\"accountName\":\"CarrierPerformanceInsactService-Prod\"}","awssumlink_cloudwatch%3A%23alarmsV2%3Aalarm%2FApiGatewayErrorRateAlarm-GetInsights%3F":"s{\"accountId\":\"164319751494\",\"accountRole\":\"IibsAdminAccess-DO-NOT-DELETE\",\"accountName\":\"CarrierPerformanceInsactService-Beta-Account\"}","awssumlink_cloudwatch%3A%23alarmsV2%3Aalarm%2FApiGatewayErrorRateAlarm-GetInsights":"s{\"accountId\":\"164319751494\",\"accountRole\":\"IibsAdminAccess-<amazon-acronym>DO<\",\"accountName\":\"CarrierPerformanceInsactService-Beta-Account\"}","awssumlink_cloudformation%3Aarn%3Aaws%3Acloudformation%3Aus-east-1%3A529093641083%3Astack%2Fbeta-us-east-1-DynamoDB%2Ffdc85020-5b87-11ee-bf66-127dd2cc4ca1":"s{\"accountId\":\"529093641083\",\"accountRole\":\"IibsAdminAccess-DO-NOT-DELETE\",\"accountName\":\"cdo-trans-trials-beta-na\"}","awssumlink_cloudwatch%3A%23alarmsV2%3Aalarm%2FNPCManagement-Monitoring-Prod-NA-ApiGatewayErrorRateAlarmGetClaims06B7D4CF-1Y0POHVQDGYFR%3F":"s{\"accountId\":\"736317896269\",\"accountRole\":\"IibsAdminAccess-DO-NOT-DELETE\",\"accountName\":\"NonPerformanceCompensation-Prod\"}","awssumlink_cloudwatch%3A%23alarmsV2%3Aalarm%2FNPCManagement-Monitoring-Prod-NA-ApiGatewayErrorRateAlarmGetClaims06B7D4CF-1Y0POHVQDGYFR":"s{\"accountId\":\"736317896269\",\"accountRole\":\"IibsAdminAccess-<amazon-acronym>DO<\",\"accountName\":\"NonPerformanceCompensation-Prod\"}"}}