{"options":{"check_for_updates":true,"comment":null,"compatopts_for_requires":true,"compat_wrappedjsobject":false,"compat_metadata":false,"compat_foreach":false,"compat_powerful_this":null,"sandbox":null,"noframes":null,"unwrap":null,"run_at":null,"tab_types":null,"override":{"use_includes":[],"orig_includes":[],"merge_includes":true,"use_matches":[],"orig_matches":["https://*.console.aws.amazon.com/*","https://aws.amazon.com/*"],"merge_matches":true,"use_excludes":[],"orig_excludes":[],"merge_excludes":true,"use_connects":[],"merge_connects":true,"use_blockers":[],"orig_run_at":"document-idle","orig_noframes":null,"orig_connects":["access.amazon.com","conduit.security.a2z.com","console.aws.amazon.com","aws.amazon.com","tiny.amazon.com"],"orig_run_in":[]},"user_modified":null,"run_in":null,"tags":[]},"settings":{"enabled":false,"position":11},"meta":{"name":"AwsumLink with role","uuid":"fa43d292-a793-44a2-ab59-bf58e4461da5","modified":1690349890232,"file_url":"https://improvement-ninjas.amazon.com/GreaseMonkey/awsum/awsum.user.js"}}