{"options":{"check_for_updates":true,"comment":null,"compatopts_for_requires":true,"compat_wrappedjsobject":false,"compat_metadata":false,"compat_foreach":false,"compat_powerful_this":null,"sandbox":null,"noframes":null,"unwrap":null,"run_at":null,"tab_types":null,"override":{"use_includes":[],"orig_includes":[],"merge_includes":true,"use_matches":[],"orig_matches":["https://pipelines.amazon.com/pipelines/*"],"merge_matches":true,"use_excludes":[],"orig_excludes":["https://pipelines.amazon.com/pipelines/search*","/^https://pipelines.amazon.com/pipelines/.*?/.+/"],"merge_excludes":true,"use_connects":[],"orig_connects":[],"merge_connects":true,"use_blockers":[],"orig_run_at":"document-idle","orig_noframes":null,"orig_run_in":[]},"user_modified":null,"run_in":null,"tags":[]},"settings":{"enabled":false,"position":32},"meta":{"name":"Brazil workplace creation script from pipeline","uuid":"4123261f-7e5b-4b63-a907-30ff2a433271","modified":1688661457518,"file_url":"https://code.amazon.com/packages/FesabinoScripts/blobs/mainline/--/greasemonkey/builder-tools/pipelines/brazil-wokplace.user.js?download=1#.user.js"}}