{"options":{"check_for_updates":true,"user_modified":null,"comment":null,"compatopts_for_requires":true,"compat_wrappedjsobject":false,"compat_metadata":false,"compat_foreach":false,"compat_powerful_this":null,"sandbox":null,"noframes":null,"unwrap":null,"run_at":null,"tab_types":null,"override":{"use_includes":[],"orig_includes":[],"merge_includes":true,"use_matches":[],"orig_matches":["https://conduit.security.a2z.com/accounts/*","https://conduit.security.a2z.com/accounts"],"merge_matches":true,"use_excludes":[],"orig_excludes":[],"merge_excludes":true,"use_connects":[],"orig_connects":[],"merge_connects":true,"use_blockers":[],"orig_run_at":"document-idle","orig_noframes":null,"orig_run_in":[]},"run_in":null,"tags":[]},"settings":{"enabled":false,"position":39},"meta":{"name":"Change Conduit View Only Button To 12h Admin Access","uuid":"a4630d42-7149-4961-88ec-7da26ed802f7","modified":1711278953350,"file_url":"https://axzile.corp.amazon.com/-/carthamus/download_script/change-conduit-account-list-console-button-to-12h-admin-access.user.js"}}