{"options":{"check_for_updates":true,"user_modified":null,"comment":null,"compatopts_for_requires":true,"compat_wrappedjsobject":false,"compat_metadata":false,"compat_foreach":false,"compat_powerful_this":null,"sandbox":null,"noframes":null,"unwrap":null,"run_at":null,"tab_types":null,"override":{"use_includes":[],"orig_includes":[],"merge_includes":true,"use_matches":[],"orig_matches":["https://app.chime.aws/*"],"merge_matches":true,"use_excludes":[],"orig_excludes":["https://app.chime.aws/meetings/*"],"merge_excludes":true,"use_connects":[],"orig_connects":["https://midway-auth.amazon.com/","https://midway.amazon.com/","https://maxis-service-prod-pdx.amazon.com","amazon.com","https://maxis-service-prod-pdx.amazon.com/issues"],"merge_connects":true,"use_blockers":[],"orig_run_at":"document-idle","orig_noframes":null,"orig_run_in":[]},"run_in":null,"tags":[]},"settings":{"enabled":true,"position":43},"meta":{"name":"Chime WebApps Redact","uuid":"d80c5d22-b471-42ff-bc5c-7a087688b445","modified":1713272753965,"file_url":"https://drive-render.corp.amazon.com/view/redzal@/TamperMonkey/ChimeRedactMessage/Chime%20WebApps%20Redact.user.js"}}