{"options":{"check_for_updates":true,"comment":null,"compatopts_for_requires":true,"compat_wrappedjsobject":false,"compat_metadata":false,"compat_foreach":false,"compat_powerful_this":null,"sandbox":null,"noframes":null,"unwrap":null,"run_at":null,"tab_types":null,"override":{"use_includes":[],"orig_includes":["https:/pipelines.amazon.com/pipelines/*"],"merge_includes":true,"use_matches":[],"orig_matches":[],"merge_matches":true,"use_excludes":[],"orig_excludes":[],"merge_excludes":true,"use_connects":[],"orig_connects":[],"merge_connects":true,"use_blockers":[],"orig_run_at":"document-idle","orig_noframes":null,"orig_run_in":[]},"user_modified":null,"run_in":null,"tags":[]},"settings":{"enabled":true,"position":30},"meta":{"name":"Clean SIMVerification Link","uuid":"e87f35ec-3f87-41a2-99ce-b43631bf6ad0","modified":1688660495254,"file_url":"https://improvement-ninjas.amazon.com/GreaseMonkey/Clean_SIMV_Link_Pipelines.user.js"}}