{"options":{"check_for_updates":true,"user_modified":null,"comment":null,"compatopts_for_requires":true,"compat_wrappedjsobject":false,"compat_metadata":false,"compat_foreach":false,"compat_powerful_this":null,"sandbox":null,"noframes":null,"unwrap":null,"run_at":null,"tab_types":null,"override":{"use_includes":[],"orig_includes":[],"merge_includes":true,"use_matches":[],"orig_matches":["https://code.amazon.com/packages/*","https://code.amazon.com/search*","https://code-integ.corp.amazon.com/packages/*","https://code-integ.corp.amazon.com/search*"],"merge_matches":true,"use_excludes":[],"orig_excludes":["https://code.amazon.com/*disableCodeTree=1*","https://code-integ.corp.amazon.com/*disableCodeTree=1*"],"merge_excludes":true,"use_connects":[],"orig_connects":[],"merge_connects":true,"use_blockers":[],"orig_run_at":"document-start","orig_noframes":null,"orig_run_in":[]},"run_in":null,"tags":[]},"settings":{"enabled":true,"position":2},"meta":{"name":"CodeTree","uuid":"b419d4a5-c033-4d83-8fca-f805f138423a","modified":1727142241788,"file_url":"https://code.amazon.com/packages/CodeForest/releases/1.0/latest_artifact?version_set=CodeForest/mainline&path=code-tree.user.js&download=true"}}