{"options":{"check_for_updates":true,"user_modified":null,"comment":null,"compatopts_for_requires":true,"compat_wrappedjsobject":false,"compat_metadata":false,"compat_foreach":false,"compat_powerful_this":null,"sandbox":null,"noframes":null,"unwrap":null,"run_at":null,"tab_types":null,"override":{"use_includes":[],"orig_includes":["https://code.amazon.com/packages/*/blobs/*.java"],"merge_includes":true,"use_matches":[],"orig_matches":[],"merge_matches":true,"use_excludes":[],"orig_excludes":[],"merge_excludes":true,"use_connects":[],"orig_connects":["devcentral.amazon.com","brazil-metadata.amazon.com"],"merge_connects":true,"use_blockers":[],"orig_run_at":"document-idle","orig_noframes":null,"orig_run_in":[]},"run_in":null,"tags":[]},"settings":{"enabled":true,"position":52},"meta":{"name":"code.amazon.com code coverage","uuid":"0af923c8-159b-4602-a78e-b2fcfec2c7fc","modified":1718699477000,"file_url":"https://improvement-ninjas.amazon.com/GreaseMonkey/code.amazon.com_code_coverage.user.js"}}