{"options":{"check_for_updates":true,"comment":null,"compatopts_for_requires":true,"compat_wrappedjsobject":false,"compat_metadata":false,"compat_foreach":false,"compat_prototypes":false,"noframes":null,"run_at":null,"override":{"use_includes":[],"orig_includes":[],"merge_includes":true,"use_matches":[],"orig_matches":["https://t.corp.amazon.com/*"],"merge_matches":true,"use_excludes":[],"orig_excludes":[],"merge_excludes":true,"use_connects":["code.amazon.com","0s62bmu3aj.execute-api.us-east-1.amazonaws.com","s3-us-west-2.amazonaws.com","maxis-service-prod-pdx.amazon.com"],"merge_connects":true,"use_blockers":[],"orig_run_at":"document-idle","orig_noframes":null,"orig_connects":[],"orig_run_in":[]},"tab_types":null,"compat_powerful_this":null,"user_modified":null,"run_in":null,"tags":[]},"settings":{"enabled":false,"position":8},"meta":{"name":"Escalation timer","uuid":"3794a815-aa4a-4b64-ad77-9f5f327645f8","modified":1639491086280,"file_url":"https://code.amazon.com/packages/ArunkarScripts/blobs/mainline/--/scripts/ticketing/EscalationTimerForSev2.user.js#?raw=1"}}