{"options":{"check_for_updates":true,"user_modified":null,"comment":null,"compatopts_for_requires":true,"compat_wrappedjsobject":false,"compat_metadata":false,"compat_foreach":false,"compat_powerful_this":null,"sandbox":null,"noframes":null,"unwrap":null,"run_at":null,"tab_types":null,"override":{"use_includes":[],"orig_includes":[],"merge_includes":true,"use_matches":[],"orig_matches":["https://pipelines.amazon.com/changes/PKG/*"],"merge_matches":true,"use_excludes":[],"orig_excludes":[],"merge_excludes":true,"use_connects":[],"orig_connects":[],"merge_connects":true,"use_blockers":[],"orig_run_at":"document-idle","orig_noframes":null,"orig_run_in":[]},"run_in":null,"tags":[]},"settings":{"enabled":true,"position":54},"meta":{"name":"Expand Changes Across Pipelines","uuid":"20a0dd6c-b5cc-4b38-88df-09c2bd27f0c6","modified":1727881911896,"file_url":"https://drive.corp.amazon.com/view/staricm@/Greasemonkey/Expand%20Changes%20Across%20Pipelines.user.js"}}