{"options":{"check_for_updates":true,"user_modified":null,"comment":null,"compatopts_for_requires":true,"compat_wrappedjsobject":false,"compat_metadata":false,"compat_foreach":false,"compat_powerful_this":null,"sandbox":null,"noframes":null,"unwrap":null,"run_at":null,"tab_types":null,"override":{"use_includes":[],"orig_includes":["https://connect.amazon.com/users/*","https://phonetool.amazon.com/users/*","https://admindirectory.corp.amazon.com/users/*"],"merge_includes":true,"use_matches":[],"orig_matches":[],"merge_matches":true,"use_excludes":[],"orig_excludes":[],"merge_excludes":true,"use_connects":[],"orig_connects":["phonetool.amazon.com","connect.amazon.com","openlarp.corp.amazon.com","openlarp_dev.corp.amazon.com","amazon.jobs","idp-eu-west-1.federate.amazon.com","idp-us-west-2.federate.amazon.com","idp-us-east-1.federate.amazon.com","idp.federate.amazon.com","kerb-us-west-2.ant.amazon.com","kerb-us-east-1.ant.amazon.com","kerb-eu-west-1.ant.amazon.com","amazon.com","ekarulf.corp.amazon.com"],"merge_connects":true,"use_blockers":[],"orig_run_at":"document-idle","orig_noframes":null,"orig_run_in":[]},"run_in":null,"tags":[]},"settings":{"enabled":true,"position":22},"meta":{"name":"Factorum","uuid":"a8a56669-273b-4b9c-a457-79985fb45177","modified":1702819211835,"file_url":"https://axzile.corp.amazon.com/-/carthamus/download_script/job-finder-phone-tool-who's-hiring!%3F!.user.js"}}