{"options":{"check_for_updates":true,"comment":null,"compatopts_for_requires":true,"compat_wrappedjsobject":false,"compat_metadata":false,"compat_foreach":false,"compat_prototypes":false,"compat_powerful_this":null,"noframes":null,"unwrap":null,"run_at":null,"tab_types":null,"override":{"use_includes":[],"orig_includes":[],"merge_includes":true,"use_matches":[],"orig_matches":["https://coral.amazon.com/*/*/*/explorer"],"merge_matches":true,"use_excludes":[],"orig_excludes":[],"merge_excludes":true,"use_connects":[],"orig_connects":[],"merge_connects":true,"use_blockers":[],"orig_run_at":"document-idle","orig_noframes":null,"orig_run_in":[]},"user_modified":null,"run_in":null,"tags":[]},"settings":{"enabled":true,"position":28},"meta":{"name":"Format Json Coral","uuid":"7d0b270b-2f48-4e65-8b69-7a3b2b455bf2","modified":1663121011293,"file_url":"https://drive.corp.amazon.com/view/anuranch@/TamperMonkeyScripts/coralFormatter.user.js"}}