{"options":{"check_for_updates":true,"user_modified":null,"comment":null,"compatopts_for_requires":true,"compat_wrappedjsobject":false,"compat_metadata":false,"compat_foreach":false,"compat_powerful_this":null,"sandbox":null,"noframes":null,"unwrap":null,"run_at":null,"tab_types":null,"override":{"use_includes":[],"orig_includes":[],"merge_includes":true,"use_matches":[],"orig_matches":["https://*.amazon.com/*","https://*.a2z.com/*"],"merge_matches":true,"use_excludes":[],"orig_excludes":[],"merge_excludes":true,"use_connects":[],"orig_connects":[],"merge_connects":true,"use_blockers":[],"orig_run_at":"document-idle","orig_noframes":null,"orig_run_in":[]},"run_in":null,"tags":[]},"settings":{"enabled":false,"position":45},"meta":{"name":"Human Readable Epoch","uuid":"02dd0a08-a019-4a97-8f88-c4a8d746cae8","modified":1718150838593,"file_url":"https://drive.corp.amazon.com/view/ahhatefi@/GreasemonkeyScripts/Human%20Readable%20Epoch.user.js"}}