{"options":{"check_for_updates":true,"user_modified":null,"comment":null,"compatopts_for_requires":true,"compat_wrappedjsobject":false,"compat_metadata":false,"compat_foreach":false,"compat_powerful_this":null,"sandbox":null,"noframes":null,"unwrap":null,"run_at":null,"tab_types":null,"override":{"use_includes":[],"orig_includes":[],"merge_includes":true,"use_matches":[],"orig_matches":["https://phonetool.amazon.com/users/*","https://connect.amazon.com/users/*","https://hyperbadge.amazon.dev/*"],"merge_matches":true,"use_excludes":[],"orig_excludes":[],"merge_excludes":true,"use_connects":[],"merge_connects":true,"use_blockers":[],"orig_run_at":"document-start","orig_noframes":null,"orig_connects":[],"orig_run_in":[]},"run_in":null,"tags":[]},"settings":{"enabled":true,"position":7},"meta":{"name":"HyperBadge 2.2","uuid":"499eb59f-42c9-40f8-b4d0-66a6bf198d2f","modified":1712585890894,"file_url":"https://userscript.hyperbadge.amazon.dev/hyperbadge.user.js"}}