{"ts":1728440555504,"data":{"iGraphHelper.snapshotOutputMode":"sMarkdown (SIM etc)","iGraphHelper.snapshotObeyFit":"strue","iGraphHelper.snapshotAutoSnap":"strue","iGraphHelper.snapshotHistory":"s[{\"snapshotUrl\":\"https://monitorportal.amazon.com/snap/load/snap.241009022233.5FZyRt3F.png\",\"iGraphUrl\":\"https://tiny.amazon.com/12fgddc7w/snapshot\",\"federationUrl\":null,\"federationDescription\":null,\"timestamp\":\"9/10/2024, 7:52:35 am\",\"hasSnappedData\":false},{\"snapshotUrl\":\"https://monitorportal.amazon.com/snap/load/snap.241008230421.9-S16lE3.png\",\"iGraphUrl\":\"https://tiny.amazon.com/xp70i0mp/snapshot\",\"federationUrl\":null,\"federationDescription\":null,\"timestamp\":\"9/10/2024, 4:34:22 am\",\"hasSnappedData\":false},{\"snapshotUrl\":\"https://monitorportal.amazon.com/snap/load/snap.241008230415.S6WlzC8L.png\",\"iGraphUrl\":\"https://tiny.amazon.com/xp70i0mp/snapshot\",\"federationUrl\":null,\"federationDescription\":null,\"timestamp\":\"9/10/2024, 4:34:18 am\",\"hasSnappedData\":false},{\"snapshotUrl\":\"https://monitorportal.amazon.com/snap/load/snap.241008230334.vJ7Q2IhN.png\",\"iGraphUrl\":\"https://tiny.amazon.com/xp70i0mp/snapshot\",\"federationUrl\":null,\"federationDescription\":null,\"timestamp\":\"9/10/2024, 4:33:36 am\",\"hasSnappedData\":false},{\"snapshotUrl\":\"https://monitorportal.amazon.com/snap/load/snap.240925203221.LMTXN-Op.png\",\"iGraphUrl\":\"https://tiny.amazon.com/rb9dqw5d/snapshot\",\"federationUrl\":null,\"federationDescription\":null,\"timestamp\":\"26/9/2024, 2:02:22 am\",\"hasSnappedData\":false},{\"snapshotUrl\":\"https://monitorportal.amazon.com/snap/load/snap.240925203158.Utfls541.png\",\"iGraphUrl\":\"https://tiny.amazon.com/m5buo82/snapshot\",\"federationUrl\":null,\"federationDescription\":null,\"timestamp\":\"26/9/2024, 2:02:00 am\",\"hasSnappedData\":false},{\"snapshotUrl\":\"https://monitorportal.amazon.com/snap/load/snap.240925203057.xZ7yuH6q.png\",\"iGraphUrl\":\"https://tiny.amazon.com/dvaa9oho/snapshot\",\"federationUrl\":null,\"federationDescription\":null,\"timestamp\":\"26/9/2024, 2:00:58 am\",\"hasSnappedData\":false},{\"snapshotUrl\":\"https://monitorportal.amazon.com/snap/load/snap.240925201714.zQwHdDuM.png\",\"iGraphUrl\":\"https://tiny.amazon.com/s0r070md/snapshot\",\"federationUrl\":null,\"federationDescription\":null,\"timestamp\":\"26/9/2024, 1:47:17 am\",\"hasSnappedData\":false},{\"snapshotUrl\":\"https://monitorportal.amazon.com/snap/load/snap.240925200118.zEcKJsrT.png\",\"iGraphUrl\":\"https://tiny.amazon.com/13rqarhx/snapshot\",\"federationUrl\":null,\"federationDescription\":null,\"timestamp\":\"26/9/2024, 1:31:21 am\",\"hasSnappedData\":false},{\"snapshotUrl\":\"https://monitorportal.amazon.com/snap/load/snap.240916080536.Oa5yMekO.png\",\"iGraphUrl\":\"https://tiny.amazon.com/zqjesgln/snapshot\",\"federationUrl\":null,\"federationDescription\":null,\"timestamp\":\"16/9/2024, 1:35:38 pm\",\"hasSnappedData\":false},{\"snapshotUrl\":\"https://monitorportal.amazon.com/snap/load/snap.240916075827.fFEqmKE9.png\",\"iGraphUrl\":\"https://tiny.amazon.com/16nqkh65h/snapshot\",\"federationUrl\":null,\"federationDescription\":null,\"timestamp\":\"16/9/2024, 1:28:28 pm\",\"hasSnappedData\":false},{\"snapshotUrl\":\"https://monitorportal.amazon.com/snap/load/snap.240913092804.Pqz7gtkY.png\",\"iGraphUrl\":\"https://tiny.amazon.com/ar2khk3k/snapshot\",\"federationUrl\":null,\"federationDescription\":null,\"timestamp\":\"13/9/2024, 2:58:06 pm\",\"hasSnappedData\":false},{\"snapshotUrl\":\"https://monitorportal.amazon.com/snap/load/snap.240913074637.FnWiKuLm.png\",\"iGraphUrl\":\"https://tiny.amazon.com/1jmkhj1a6/snapshot\",\"federationUrl\":null,\"federationDescription\":null,\"timestamp\":\"13/9/2024, 1:16:39 pm\",\"hasSnappedData\":false},{\"snapshotUrl\":\"https://monitorportal.amazon.com/snap/load/snap.240913074041.BTJqaU57.png\",\"iGraphUrl\":\"https://tiny.amazon.com/17kdwf9xe/snapshot\",\"federationUrl\":null,\"federationDescription\":null,\"timestamp\":\"13/9/2024, 1:10:42 pm\",\"hasSnappedData\":false},{\"snapshotUrl\":\"https://monitorportal.amazon.com/snap/load/snap.240913073858.3EHpT5A6.png\",\"iGraphUrl\":\"https://tiny.amazon.com/1dkgaxxar/snapshot\",\"federationUrl\":null,\"federationDescription\":null,\"timestamp\":\"13/9/2024, 1:08:59 pm\",\"hasSnappedData\":false},{\"snapshotUrl\":\"https://monitorportal.amazon.com/snap/load/snap.240913073754.ryFwlYh3.png\",\"iGraphUrl\":\"https://tiny.amazon.com/futm27vv/snapshot\",\"federationUrl\":null,\"federationDescription\":null,\"timestamp\":\"13/9/2024, 1:07:55 pm\",\"hasSnappedData\":false}]","iGraphHelper.snapshotHistoryPrevious":"s[{\"snapshotUrl\":\"https://monitorportal.amazon.com/snap/load/snap.241008230421.9-S16lE3.png\",\"iGraphUrl\":\"https://tiny.amazon.com/xp70i0mp/snapshot\",\"federationUrl\":null,\"federationDescription\":null,\"timestamp\":\"9/10/2024, 4:34:22 am\",\"hasSnappedData\":false},{\"snapshotUrl\":\"https://monitorportal.amazon.com/snap/load/snap.241008230415.S6WlzC8L.png\",\"iGraphUrl\":\"https://tiny.amazon.com/xp70i0mp/snapshot\",\"federationUrl\":null,\"federationDescription\":null,\"timestamp\":\"9/10/2024, 4:34:18 am\",\"hasSnappedData\":false},{\"snapshotUrl\":\"https://monitorportal.amazon.com/snap/load/snap.241008230334.vJ7Q2IhN.png\",\"iGraphUrl\":\"https://tiny.amazon.com/xp70i0mp/snapshot\",\"federationUrl\":null,\"federationDescription\":null,\"timestamp\":\"9/10/2024, 4:33:36 am\",\"hasSnappedData\":false},{\"snapshotUrl\":\"https://monitorportal.amazon.com/snap/load/snap.240925203221.LMTXN-Op.png\",\"iGraphUrl\":\"https://tiny.amazon.com/rb9dqw5d/snapshot\",\"federationUrl\":null,\"federationDescription\":null,\"timestamp\":\"26/9/2024, 2:02:22 am\",\"hasSnappedData\":false},{\"snapshotUrl\":\"https://monitorportal.amazon.com/snap/load/snap.240925203158.Utfls541.png\",\"iGraphUrl\":\"https://tiny.amazon.com/m5buo82/snapshot\",\"federationUrl\":null,\"federationDescription\":null,\"timestamp\":\"26/9/2024, 2:02:00 am\",\"hasSnappedData\":false},{\"snapshotUrl\":\"https://monitorportal.amazon.com/snap/load/snap.240925203057.xZ7yuH6q.png\",\"iGraphUrl\":\"https://tiny.amazon.com/dvaa9oho/snapshot\",\"federationUrl\":null,\"federationDescription\":null,\"timestamp\":\"26/9/2024, 2:00:58 am\",\"hasSnappedData\":false},{\"snapshotUrl\":\"https://monitorportal.amazon.com/snap/load/snap.240925201714.zQwHdDuM.png\",\"iGraphUrl\":\"https://tiny.amazon.com/s0r070md/snapshot\",\"federationUrl\":null,\"federationDescription\":null,\"timestamp\":\"26/9/2024, 1:47:17 am\",\"hasSnappedData\":false},{\"snapshotUrl\":\"https://monitorportal.amazon.com/snap/load/snap.240925200118.zEcKJsrT.png\",\"iGraphUrl\":\"https://tiny.amazon.com/13rqarhx/snapshot\",\"federationUrl\":null,\"federationDescription\":null,\"timestamp\":\"26/9/2024, 1:31:21 am\",\"hasSnappedData\":false},{\"snapshotUrl\":\"https://monitorportal.amazon.com/snap/load/snap.240916080536.Oa5yMekO.png\",\"iGraphUrl\":\"https://tiny.amazon.com/zqjesgln/snapshot\",\"federationUrl\":null,\"federationDescription\":null,\"timestamp\":\"16/9/2024, 1:35:38 pm\",\"hasSnappedData\":false},{\"snapshotUrl\":\"https://monitorportal.amazon.com/snap/load/snap.240916075827.fFEqmKE9.png\",\"iGraphUrl\":\"https://tiny.amazon.com/16nqkh65h/snapshot\",\"federationUrl\":null,\"federationDescription\":null,\"timestamp\":\"16/9/2024, 1:28:28 pm\",\"hasSnappedData\":false},{\"snapshotUrl\":\"https://monitorportal.amazon.com/snap/load/snap.240913092804.Pqz7gtkY.png\",\"iGraphUrl\":\"https://tiny.amazon.com/ar2khk3k/snapshot\",\"federationUrl\":null,\"federationDescription\":null,\"timestamp\":\"13/9/2024, 2:58:06 pm\",\"hasSnappedData\":false},{\"snapshotUrl\":\"https://monitorportal.amazon.com/snap/load/snap.240913074637.FnWiKuLm.png\",\"iGraphUrl\":\"https://tiny.amazon.com/1jmkhj1a6/snapshot\",\"federationUrl\":null,\"federationDescription\":null,\"timestamp\":\"13/9/2024, 1:16:39 pm\",\"hasSnappedData\":false},{\"snapshotUrl\":\"https://monitorportal.amazon.com/snap/load/snap.240913074041.BTJqaU57.png\",\"iGraphUrl\":\"https://tiny.amazon.com/17kdwf9xe/snapshot\",\"federationUrl\":null,\"federationDescription\":null,\"timestamp\":\"13/9/2024, 1:10:42 pm\",\"hasSnappedData\":false},{\"snapshotUrl\":\"https://monitorportal.amazon.com/snap/load/snap.240913073858.3EHpT5A6.png\",\"iGraphUrl\":\"https://tiny.amazon.com/1dkgaxxar/snapshot\",\"federationUrl\":null,\"federationDescription\":null,\"timestamp\":\"13/9/2024, 1:08:59 pm\",\"hasSnappedData\":false},{\"snapshotUrl\":\"https://monitorportal.amazon.com/snap/load/snap.240913073754.ryFwlYh3.png\",\"iGraphUrl\":\"https://tiny.amazon.com/futm27vv/snapshot\",\"federationUrl\":null,\"federationDescription\":null,\"timestamp\":\"13/9/2024, 1:07:55 pm\",\"hasSnappedData\":false}]","iGraphHelperConduitAcctById_861360576966":"ssable-dwintegration-core","iGraphHelperConduitAcctById_345268705827":"s","iGraphHelperConduitAcctById_088311740789":"sUPPService-Prod","iGraphHelperConduitAcctById_465441244299":"sTravisService-Production","iGraphHelper.chimeRooms":"s{\"SIM\":{\"url\":\"https://hooks.chime.aws/incomingwebhooks/bd98110d-8e43-41e1-a592-bfcb6a4d6d9a?token=bTRkVlJHbjR8MXxuYnM2SHd2c0hUWHFJNElCaUtVMjFDOFRLVmJteWZ6SWRxcThHX2pad1FZ\"},\"My Chime Room Name\":{\"url\":\"https://hooks.chime.aws/incomingwebhooks/longGUIDurl1\"},\"Another Chat Room\":{\"url\":\"https://hooks.chime.aws/incomingwebhooks/longGUIDurl2\"},\"The Org's Chat Room\":{\"url\":\"https://hooks.chime.aws/incomingwebhooks/longGUIDurl3\"}}","iGraphHelper.currentChimeRoom":"sSlack/Chime..."}}