{"options":{"check_for_updates":true,"user_modified":null,"comment":null,"compatopts_for_requires":true,"compat_wrappedjsobject":false,"compat_metadata":false,"compat_foreach":false,"compat_powerful_this":null,"sandbox":null,"noframes":null,"unwrap":null,"run_at":null,"tab_types":null,"override":{"use_includes":[],"orig_includes":["http*://*.amazon.*/*","http*://*.*.amazon.*/*","http*://*.amazon.*:*/*","http*://*.aws-border.*/*","http*://*.aws.dev/*","http*://*.a2z.com/*","http*://*.a2z.org.cn/*","https://*.amazonaws-us-gov.com/*","https://*.amazonaws.cn/*","https://*c2shome.ic.gov/*","https://*.c2s-border.ic.gov/*","https://*.c2s-border.ic.gov/*","https://*.c2s-aws.ic.gov/*","https://*.c2s-a2z.ic.gov/*","https://*.sc2s-a2z.sgov.gov/*","https://*.sc2shome.sgov.gov/*","http*://wiki.imdb.*/*","http*://*awsdashboard*.a2z.com/*","http*://*.premonition.a2z.com/*","https://*.c2s.ic.gov/*","https://*.sc2s.sgov.gov/*","https://*.amazonaws.ic.gov/*","https://*.hci.ic.gov/*","https://*.adc-e.uk/*","https://*.amazonaws.eu/*","https://*.aws-border.eu/*","http*://wiki.labcollab.*/*"],"merge_includes":true,"use_matches":[],"orig_matches":[],"merge_matches":true,"use_excludes":[],"orig_excludes":["http*://amazon.tld/*","http*://www.amazon.*/*","http*://aws.amazon.com/marketplace*","http*://ad-jira.amazon.*/*","http*://s9-puma-*.amazon.*/*","http*://blueprints.amazon.*/*","http*://evolution.amazon.*/*","http*://peopleportal.amazon.*/*","http*://peopleportal.hr.corp.amazon.com*","http*://apollo.amazon.*/r/*","http*://timeoff.amazon.com/*","http*://*xwiki*.amazon.*/*","http*://intranet-analytics.amazon.com*","http*://ballard.amazon.com/*","http*://aws-blogs-*.amazon.com/*","http*://approvalbouncer.*.amazon.com/*","http*://docs.aws.amazon.com/*","http*://docs.amazonaws.cn/*","http*://*docs-aws*amazon.com/*","http*://*idp.amazon.work/*","http*://atv-pex-tools-*.amazon.com/*","http*://collator-items.*.amazon.com/*","http*://sonar-*.amazon.com/*"],"merge_excludes":true,"use_connects":["tiny.amazon.com","access.amazon.com","conduit.security.a2z.com","monitorportal.amazon.com","midway-auth.amazon.com"],"merge_connects":true,"use_blockers":[],"orig_run_at":"document-idle","orig_noframes":null,"orig_connects":[],"orig_run_in":[]},"run_in":null,"tags":[]},"settings":{"enabled":true,"position":1},"meta":{"name":"iGraph Helper","uuid":"f0bbb0a5-d3da-4402-a91b-d1004d6bb3d3","modified":1726213024093,"file_url":"https://improvement-ninjas.amazon.com/GreaseMonkey/iGraphHelper.amazon.user.js"}}