{"options":{"check_for_updates":true,"user_modified":null,"comment":null,"compatopts_for_requires":true,"compat_wrappedjsobject":false,"compat_metadata":false,"compat_foreach":false,"compat_powerful_this":null,"sandbox":null,"noframes":null,"unwrap":null,"run_at":null,"tab_types":null,"override":{"use_includes":[],"orig_includes":[],"merge_includes":true,"use_matches":[],"orig_matches":["https://conduit.security.a2z.com/accounts","https://conduit.security.a2z.com/accounts/*"],"merge_matches":true,"use_excludes":[],"orig_excludes":[],"merge_excludes":true,"use_connects":[],"orig_connects":[],"merge_connects":true,"use_blockers":[],"orig_run_at":"document-idle","orig_noframes":null,"orig_run_in":[]},"run_in":null,"tags":[]},"settings":{"enabled":false,"position":40},"meta":{"name":"ModifyDefaultDurationAndAccessMode","uuid":"ad07500a-0cd4-4a2f-afc6-448a09c123f4","modified":1711279016946,"file_url":"https://axzile.corp.amazon.com/-/carthamus/download_script/modify-default-duration-and-access-mode.user.js"}}