{"options":{"check_for_updates":true,"comment":null,"compatopts_for_requires":true,"compat_wrappedjsobject":false,"compat_metadata":false,"compat_foreach":false,"compat_prototypes":false,"compat_powerful_this":null,"noframes":null,"unwrap":null,"run_at":null,"tab_types":null,"override":{"use_includes":[],"orig_includes":["https://phonetool.amazon.com/*"],"merge_includes":true,"use_matches":[],"orig_matches":[],"merge_matches":true,"use_excludes":[],"orig_excludes":[],"merge_excludes":true,"use_connects":[],"orig_connects":["api.resilience-score.tools.amazon.dev"],"merge_connects":true,"use_blockers":[],"orig_run_at":"document-idle","orig_noframes":null,"orig_run_in":[]},"user_modified":null,"run_in":null,"tags":[]},"settings":{"enabled":false,"position":20},"meta":{"name":"PhoneTool: Resilience Score","uuid":"cda2ceaf-06c0-458a-ae20-87666485dc05","modified":1649773235927,"file_url":"https://axzile.corp.amazon.com/-/carthamus/download_script/PhoneTool_Resilience_Score.user.js"}}