{"options":{"check_for_updates":true,"comment":null,"compatopts_for_requires":true,"compat_wrappedjsobject":false,"compat_metadata":false,"compat_foreach":false,"compat_prototypes":false,"compat_powerful_this":null,"noframes":null,"unwrap":null,"run_at":null,"tab_types":null,"override":{"use_includes":[],"orig_includes":[],"merge_includes":true,"use_matches":[],"orig_matches":["*://phonetool.amazon.com/users/*"],"merge_matches":true,"use_excludes":[],"orig_excludes":[],"merge_excludes":true,"use_connects":[],"orig_connects":[],"merge_connects":true,"use_blockers":[],"orig_run_at":"document-idle","orig_noframes":null,"orig_run_in":[]},"user_modified":null,"run_in":null,"tags":[]},"settings":{"enabled":false,"position":14},"meta":{"name":"Phonetool Tree Badge Colorizer","uuid":"5b06c722-d74f-43d4-9ee1-6e1aeeabd68c","modified":1649771583779,"file_url":"https://drive.corp.amazon.com/view/zajaalex@/tampermonkey/PhonetoolTreeBadgeColorizer.user.js"}}