{"options":{"check_for_updates":true,"comment":null,"compatopts_for_requires":true,"compat_wrappedjsobject":false,"compat_metadata":false,"compat_foreach":false,"compat_powerful_this":null,"sandbox":null,"noframes":null,"unwrap":null,"run_at":null,"tab_types":null,"override":{"use_includes":[],"orig_includes":[],"merge_includes":true,"use_matches":[],"orig_matches":["https://phonetool.amazon.com/users/*","https://admindirectory.corp.amazon.com/users/*"],"merge_matches":true,"use_excludes":[],"orig_excludes":[],"merge_excludes":true,"use_connects":[],"orig_connects":[],"merge_connects":true,"use_blockers":[],"orig_run_at":"document-idle","orig_noframes":null,"orig_run_in":[]},"user_modified":null,"run_in":null,"tags":[]},"settings":{"enabled":false,"position":24},"meta":{"name":"Phonetool Overtime","uuid":"ddc2ba0f-90f4-49c7-b074-c16c6bfe52c1","modified":1690349890548,"file_url":"https://axzile.corp.amazon.com/-/carthamus/download_script/phonetool-overtime.user.js"}}