{"options":{"check_for_updates":true,"comment":null,"compatopts_for_requires":true,"compat_wrappedjsobject":false,"compat_metadata":false,"compat_foreach":false,"compat_prototypes":false,"compat_powerful_this":null,"noframes":null,"unwrap":null,"run_at":null,"tab_types":null,"override":{"use_includes":[],"orig_includes":["https://phonetool.amazon.com/people/*","https://phonetool.amazon.com/users/*","https://connect.amazon.com/people/*","https://connect.amazon.com/users/*"],"merge_includes":true,"use_matches":[],"orig_matches":[],"merge_matches":true,"use_excludes":[],"orig_excludes":[],"merge_excludes":true,"use_connects":["ekarulf.corp.amazon.com","midway-auth.amazon.com"],"merge_connects":true,"use_blockers":[],"orig_run_at":"document-idle","orig_noframes":null,"orig_connects":[],"orig_run_in":[]},"user_modified":null,"run_in":null,"tags":[]},"settings":{"enabled":true,"position":5},"meta":{"name":"PhoneTool Enhance","uuid":"55ee6b0f-3017-419b-891e-cbea1271367a","modified":1659423608604,"file_url":"https://drive-render.corp.amazon.com/view/rkshtd@/phonetool/phonetoolenhance/PhoneTool%20Enhance.user.js"}}