{"options":{"check_for_updates":true,"comment":null,"compatopts_for_requires":true,"compat_wrappedjsobject":false,"compat_metadata":false,"compat_foreach":false,"compat_prototypes":false,"compat_powerful_this":null,"noframes":null,"unwrap":null,"run_at":null,"tab_types":null,"override":{"use_includes":[],"orig_includes":[],"merge_includes":true,"use_matches":[],"orig_matches":["https://phonetool.amazon.com/users/*","https://connect.amazon.com/users/*"],"merge_matches":true,"use_excludes":[],"orig_excludes":[],"merge_excludes":true,"use_connects":["code.amazon.com"],"orig_connects":[],"merge_connects":true,"use_blockers":[],"orig_run_at":"document-idle","orig_noframes":null,"orig_run_in":[]},"user_modified":null,"run_in":null,"tags":[]},"settings":{"enabled":false,"position":16},"meta":{"name":"Phonetool Recent Projects","uuid":"dc53afa0-9074-45f3-81dd-fb7087ef4b55","modified":1649772180117,"file_url":"https://code.amazon.com/packages/PhonetoolRecentProjects/blobs/mainline/--/PhonetoolRecentProjects.user.js?raw=1"}}