{"options":{"check_for_updates":true,"comment":null,"compatopts_for_requires":true,"compat_wrappedjsobject":false,"compat_metadata":false,"compat_foreach":false,"compat_powerful_this":null,"sandbox":null,"noframes":null,"unwrap":null,"run_at":null,"tab_types":null,"override":{"use_includes":[],"orig_includes":[],"merge_includes":true,"use_matches":[],"orig_matches":["https://phonetool.amazon.com/users/*","https://connect.amazon.com/users/*"],"merge_matches":true,"use_excludes":[],"orig_excludes":[],"merge_excludes":true,"use_connects":[],"merge_connects":true,"use_blockers":[],"orig_run_at":"document-end","orig_noframes":null,"orig_connects":["oncall-api.corp.amazon.com","oncall.corp.amazon.com","midway-auth.amazon.com","midway.amazon.com"],"orig_run_in":[]},"user_modified":null,"run_in":null,"tags":[]},"settings":{"enabled":true,"position":6},"meta":{"name":"Phonetool Oncall Badges","uuid":"89614847-682e-4839-ba14-e98c8cc951ef","modified":1678477582247,"file_url":"https://improvement-ninjas.amazon.com/GreaseMonkey/PhoneToolOncallBadges.user.js"}}