{"options":{"check_for_updates":true,"comment":null,"compatopts_for_requires":true,"compat_wrappedjsobject":false,"compat_metadata":false,"compat_foreach":false,"compat_prototypes":false,"compat_powerful_this":null,"noframes":null,"unwrap":null,"run_at":null,"tab_types":null,"override":{"use_includes":[],"orig_includes":[],"merge_includes":true,"use_matches":[],"orig_matches":["*://phonetool.amazon.com/users/*"],"merge_matches":true,"use_excludes":[],"orig_excludes":[],"merge_excludes":true,"use_connects":["ballard.amazon.com"],"merge_connects":true,"use_blockers":[],"orig_run_at":"document-idle","orig_noframes":null,"orig_connects":[],"orig_run_in":[]},"user_modified":null,"run_in":null,"tags":[]},"settings":{"enabled":false,"position":3},"meta":{"name":"Phonetool Availability Indicator","uuid":"386c6fe0-f730-4aa4-99c3-6d70e393a151","modified":1650747166417,"file_url":"https://drive.corp.amazon.com/view/tvaroht@/public/userscripts/phonetool_availability_indicator/phonetool_availability_indicator.user.js"}}