{"options":{"check_for_updates":true,"comment":null,"compatopts_for_requires":true,"compat_wrappedjsobject":false,"compat_metadata":false,"compat_foreach":false,"compat_prototypes":false,"compat_powerful_this":null,"noframes":null,"unwrap":null,"run_at":null,"tab_types":null,"override":{"use_includes":[],"orig_includes":["https://connect.amazon.com/users/*","https://phonetool.amazon.com/users/*"],"merge_includes":true,"use_matches":[],"orig_matches":[],"merge_matches":true,"use_excludes":[],"orig_excludes":[],"merge_excludes":true,"use_connects":["maxis-service-prod-pdx.amazon.com"],"orig_connects":[],"merge_connects":true,"use_blockers":[],"orig_run_at":"document-idle","orig_noframes":null,"orig_run_in":[]},"user_modified":null,"run_in":null,"tags":[]},"settings":{"enabled":false,"position":18},"meta":{"name":"phonetool-user-sim-folders","uuid":"5886c905-474a-4ff9-935b-cbce02c0988a","modified":1649772716554,"file_url":"https://drive.corp.amazon.com/view/marker@/public/phonetool-user-sim-folders.user.js"}}