{"ts":1729082793771,"data":{"pipelines.heatmap.colors.selected":"sPipelines","pipelines.heatmap.palette":"o{\"Pipelines\": {\"heat-map-color-0\": \"102, 255, 0\",\"heat-map-color-1\": \"133, 255, 0\",\"heat-map-color-2\": \"163, 255, 0\",\"heat-map-color-3\": \"193, 255, 0\",\"heat-map-color-4\": \"224, 225, 0\",\"heat-map-color-5\": \"255, 255, 0\",\"heat-map-color-6\": \"255, 204, 0\",\"heat-map-color-7\": \"255, 153, 0\",\"heat-map-color-8\": \"255, 102, 0\",\"heat-map-color-9\": \"255, 51, 0\",\"heat-map-color-10\": \"255, 0, 0\",\"heat-map-color-11\": \"235, 0, 0\",\"heat-map-color-12\": \"214, 0, 0\",\"heat-map-color-13\": \"194, 0, 0\",\"heat-map-color-14\": \"173, 0, 0\",\"heat-map-color-15\": \"153, 0, 0\"},\"Rainbow\": {\"heat-map-color-0\": \"92, 171, 255\",\"heat-map-color-1\": \"92, 255, 190\",\"heat-map-color-2\": \"75, 224, 0\",\"heat-map-color-3\": \"180, 251, 14\",\"heat-map-color-4\": \"255, 248, 35\",\"heat-map-color-5\": \"255, 223, 40\",\"heat-map-color-6\": \"255, 198, 45\",\"heat-map-color-7\": \"255, 148, 55\",\"heat-map-color-8\": \"255, 124, 92\",\"heat-map-color-9\": \"255, 51, 51\",\"heat-map-color-10\": \"210, 23, 39\",\"heat-map-color-11\": \"164, 12, 81\",\"heat-map-color-12\": \"117, 0, 123\",\"heat-map-color-13\": \"59, 0, 62\",\"heat-map-color-14\": \"30, 0, 31\",\"heat-map-color-15\": \"0, 0, 0\"},\"High Contrast\": {\"heat-map-color-0\": \"255, 0, 255\",\"heat-map-color-1\": \"127, 0, 127\",\"heat-map-color-2\": \"0, 0, 127\",\"heat-map-color-3\": \"0, 0, 255\",\"heat-map-color-4\": \"0, 127, 127\",\"heat-map-color-5\": \"0, 255, 255\",\"heat-map-color-6\": \"0, 127, 0\",\"heat-map-color-7\": \"0, 255, 0\",\"heat-map-color-8\": \"255, 255, 0\",\"heat-map-color-9\": \"255, 127, 0\",\"heat-map-color-10\": \"127, 0, 0\",\"heat-map-color-11\": \"255, 0, 0\",\"heat-map-color-12\": \"0, 0, 0\",\"heat-map-color-13\": \"127, 127, 127\",\"heat-map-color-14\": \"191, 191, 191\",\"heat-map-color-15\": \"255, 255, 255\"},\"Red Palette\": {\"heat-map-color-0\": \"255, 0, 0\",\"heat-map-color-1\": \"247, 16, 16\",\"heat-map-color-2\": \"239, 32, 32\",\"heat-map-color-3\": \"231, 48, 48\",\"heat-map-color-4\": \"223, 64, 64\",\"heat-map-color-5\": \"215, 80, 80\",\"heat-map-color-6\": \"207, 96, 96\",\"heat-map-color-7\": \"199, 112, 112\",\"heat-map-color-8\": \"191, 128, 128\",\"heat-map-color-9\": \"183, 144, 144\",\"heat-map-color-10\": \"175, 160, 160\",\"heat-map-color-11\": \"167, 176, 176\",\"heat-map-color-12\": \"159, 192, 192\",\"heat-map-color-13\": \"151, 208, 208\",\"heat-map-color-14\": \"143, 224, 224\",\"heat-map-color-15\": \"135, 240, 240\"},\"Orange Palette\": {\"heat-map-color-0\": \"255, 128, 0\",\"heat-map-color-1\": \"247, 144, 16\",\"heat-map-color-2\": \"239, 160, 32\",\"heat-map-color-3\": \"231, 176, 48\",\"heat-map-color-4\": \"223, 192, 64\",\"heat-map-color-5\": \"215, 208, 80\",\"heat-map-color-6\": \"207, 224, 96\",\"heat-map-color-7\": \"199, 240, 112\",\"heat-map-color-8\": \"191, 255, 128\",\"heat-map-color-9\": \"183, 255, 144\",\"heat-map-color-10\": \"175, 255, 160\",\"heat-map-color-11\": \"167, 255, 176\",\"heat-map-color-12\": \"159, 255, 192\",\"heat-map-color-13\": \"151, 255, 208\",\"heat-map-color-14\": \"143, 255, 224\",\"heat-map-color-15\": \"135, 255, 240\"},\"Yellow Palette\": {\"heat-map-color-0\": \"255, 255, 0\",\"heat-map-color-1\": \"247, 247, 16\",\"heat-map-color-2\": \"239, 239, 32\",\"heat-map-color-3\": \"231, 231, 48\",\"heat-map-color-4\": \"223, 223, 64\",\"heat-map-color-5\": \"215, 215, 80\",\"heat-map-color-6\": \"207, 207, 96\",\"heat-map-color-7\": \"199, 199, 112\",\"heat-map-color-8\": \"191, 191, 128\",\"heat-map-color-9\": \"183, 183, 144\",\"heat-map-color-10\": \"175, 175, 160\",\"heat-map-color-11\": \"167, 167, 176\",\"heat-map-color-12\": \"159, 159, 192\",\"heat-map-color-13\": \"151, 151, 208\",\"heat-map-color-14\": \"143, 143, 224\",\"heat-map-color-15\": \"135, 135, 240\"},\"Green Palette\": {\"heat-map-color-0\": \"0, 255, 0\",\"heat-map-color-1\": \"16, 247, 16\",\"heat-map-color-2\": \"32, 239, 32\",\"heat-map-color-3\": \"48, 231, 48\",\"heat-map-color-4\": \"64, 223, 64\",\"heat-map-color-5\": \"80, 215, 80\",\"heat-map-color-6\": \"96, 207, 96\",\"heat-map-color-7\": \"112, 199, 112\",\"heat-map-color-8\": \"128, 191, 128\",\"heat-map-color-9\": \"144, 183, 144\",\"heat-map-color-10\": \"160, 175, 160\",\"heat-map-color-11\": \"176, 167, 176\",\"heat-map-color-12\": \"192, 159, 192\",\"heat-map-color-13\": \"208, 151, 208\",\"heat-map-color-14\": \"224, 143, 224\",\"heat-map-color-15\": \"240, 135, 240\"},\"Blue Palette\": {\"heat-map-color-0\": \"0, 0, 255\",\"heat-map-color-1\": \"16, 16, 247\",\"heat-map-color-2\": \"32, 32, 239\",\"heat-map-color-3\": \"48, 48, 231\",\"heat-map-color-4\": \"64, 64, 223\",\"heat-map-color-5\": \"80, 80, 215\",\"heat-map-color-6\": \"96, 96, 207\",\"heat-map-color-7\": \"112, 112, 199\",\"heat-map-color-8\": \"128, 128, 191\",\"heat-map-color-9\": \"144, 144, 183\",\"heat-map-color-10\": \"160, 160, 175\",\"heat-map-color-11\": \"176, 176, 167\",\"heat-map-color-12\": \"192, 192, 159\",\"heat-map-color-13\": \"208, 208, 151\",\"heat-map-color-14\": \"224, 224, 143\",\"heat-map-color-15\": \"240, 240, 135\"},\"Indigo Palette\": {\"heat-map-color-0\": \"75, 0, 130\",\"heat-map-color-1\": \"91, 16, 142\",\"heat-map-color-2\": \"107, 32, 154\",\"heat-map-color-3\": \"123, 48, 166\",\"heat-map-color-4\": \"139, 64, 178\",\"heat-map-color-5\": \"155, 80, 190\",\"heat-map-color-6\": \"171, 96, 202\",\"heat-map-color-7\": \"187, 112, 214\",\"heat-map-color-8\": \"203, 128, 226\",\"heat-map-color-9\": \"219, 144, 238\",\"heat-map-color-10\": \"235, 160, 250\",\"heat-map-color-11\": \"251, 176, 255\",\"heat-map-color-12\": \"255, 192, 255\",\"heat-map-color-13\": \"255, 208, 255\",\"heat-map-color-14\": \"255, 224, 255\",\"heat-map-color-15\": \"255, 240, 255\"},\"Violet Palette\": {\"heat-map-color-0\": \"153, 0, 153\",\"heat-map-color-1\": \"179, 51, 179\",\"heat-map-color-2\": \"204, 102, 204\",\"heat-map-color-3\": \"230, 153, 230\",\"heat-map-color-4\": \"255, 204, 255\",\"heat-map-color-5\": \"255, 229, 255\",\"heat-map-color-6\": \"255, 242, 255\",\"heat-map-color-7\": \"255, 248, 255\",\"heat-map-color-8\": \"255, 251, 255\",\"heat-map-color-9\": \"255, 253, 255\",\"heat-map-color-10\": \"255, 255, 255\",\"heat-map-color-11\": \"253, 253, 253\",\"heat-map-color-12\": \"251, 251, 251\",\"heat-map-color-13\": \"248, 248, 248\",\"heat-map-color-14\": \"242, 242, 242\",\"heat-map-color-15\": \"230, 230, 230\"}}"}}