{"options":{"check_for_updates":true,"user_modified":null,"comment":null,"compatopts_for_requires":true,"compat_wrappedjsobject":false,"compat_metadata":false,"compat_foreach":false,"compat_powerful_this":null,"sandbox":null,"noframes":null,"unwrap":null,"run_at":null,"tab_types":null,"override":{"use_includes":[],"orig_includes":["/^https://pipelines.amazon.com\\/pipelines\\/[\\w-]+\\/?(\\?.*)?$/"],"merge_includes":true,"use_matches":[],"orig_matches":[],"merge_matches":true,"use_excludes":[],"orig_excludes":[],"merge_excludes":true,"use_connects":[],"orig_connects":["brazil-metadata-sso.corp.amazon.com","code.amazon.com"],"merge_connects":true,"use_blockers":[],"orig_run_at":"document-start","orig_noframes":null,"orig_run_in":[]},"run_in":null,"tags":[]},"settings":{"enabled":true,"position":35},"meta":{"name":"Pipelines Heatmap in Overview","uuid":"9b41bde1-239e-4eca-9164-9c0ff2703a4a","modified":1727881705515,"file_url":"https://code.amazon.com/packages/GreasemonkeyScripts/blobs/mainline/--/Pipelines/heatmap-in-overview/embedded-heatmap.user.js?raw=1"}}