{"options":{"check_for_updates":true,"user_modified":null,"comment":null,"compatopts_for_requires":true,"compat_wrappedjsobject":false,"compat_metadata":false,"compat_foreach":false,"compat_powerful_this":null,"sandbox":null,"noframes":null,"unwrap":null,"run_at":null,"tab_types":null,"override":{"use_includes":[],"orig_includes":[],"merge_includes":true,"use_matches":[],"orig_matches":["https://*.amazon.com/*","https://*.amazon.dev/*","https://*.amazon.jobs/*","https://*.amazon.work/*","https://quip-amazon.com/*","https://*.a2z.com/*","https://*.ring.com/*","https://*.awsapps.com/*","https://*.scinetamazon.com/*"],"merge_matches":true,"use_excludes":[],"orig_excludes":["https://code.amazon.com/*","https://phonetool.amazon.com/*","https://isengard.amazon.com/*","https://conduit.security.a2z.com/*","https://bindles.amazon.com/*","https://sage.amazon.dev/*","/^https://.*\\.console\\.aws\\.amazon\\.com/.*$/"],"merge_excludes":true,"use_connects":[],"orig_connects":[],"merge_connects":true,"use_blockers":[],"orig_run_at":"document-idle","orig_noframes":null,"orig_run_in":[]},"run_in":null,"tags":[]},"settings":{"enabled":false,"position":42},"meta":{"name":"PowerChat","uuid":"6e560cf8-db20-4c15-a6e9-de03770e8cb5","modified":1712813094627,"file_url":"https://code.amazon.com/packages/PowerChat/blobs/mainline/--/src/PowerChat.user.js?raw=1"}}