{"options":{"check_for_updates":true,"user_modified":null,"comment":null,"compatopts_for_requires":true,"compat_wrappedjsobject":false,"compat_metadata":false,"compat_foreach":false,"compat_powerful_this":null,"sandbox":null,"noframes":null,"unwrap":null,"run_at":null,"tab_types":null,"override":{"use_includes":[],"orig_includes":[],"merge_includes":true,"use_matches":[],"orig_matches":["https://quip-amazon.com/*","https://*.quip-amazon.com/*","https://*.quip-amazon-elements.com/*","https://w.amazon.com/bin/view/*","https://w.amazon.com/bin/viewrev/*","https://w.amazon.com/index.php/*"],"merge_matches":true,"use_excludes":[],"orig_excludes":[],"merge_excludes":true,"use_connects":["idp-eu-west-1.federate.amazon.com","kerberizer-prod.corp.amazon.com"],"merge_connects":true,"use_blockers":[],"orig_run_at":"document-idle","orig_noframes":null,"orig_connects":["quip-amazon.com","platform.quip-amazon.com","w.amazon.com","maxis-service-prod-iad.amazon.com","midway-auth.amazon.com","axzile.corp.amazon.com","drive.corp.amazon.com","drive-render.corp.amazon.com","drive-webdav.corp.amazon.com","phonetool.amazon.com","aea.aka.amazon.com","0s62bmu3aj.execute-api.us-east-1.amazonaws.com","document-versions-production.s3.us-west-2.amazonaws.com","cloudfront.net"],"orig_run_in":[]},"run_in":null,"tags":[]},"settings":{"enabled":true,"position":12},"meta":{"name":"Quip2Wiki","uuid":"73a1102f-64dc-466b-b07a-54017673e394","modified":1720447674620,"file_url":"https://w.amazon.com/rest/wikis/xwiki/spaces/Quip2Wiki/spaces/Releases/pages/WebHome/attachments/Quip2Wiki-beta.user.js"}}