{"ts":1720672904644,"data":{"user_data":"s{\"version\":\"1.26.5.0\",\"install\":\"2021-11-29T06:42:31.834Z\",\"update\":\"2024-07-08T14:17:53.805Z\",\"tokenInstall\":\"2022-03-02T15:24:32.543Z\",\"exportAttempt\":\"2022-03-02T15:24:32.544Z\",\"firstExport\":\"2022-03-02T15:28:57.488Z\",\"lastExport\":\"2022-03-03T08:01:38.651Z\",\"ping\":\"2022-09-21T18:34:59.326Z\",\"lastUpdate\":\"2022-09-22T15:12:47.620Z\"}","quip_api_token":"sTU5jOU1BYUJwb04=|1717759955|iDLCwxbHOrPCAuRdQGXEDCznwwR3Fwc3+b6265fAcPw=","banner_position":"n0","drshtn:space":"sUsers/drshtn","change_monitor_enabled":"bfalse","wiki_block_enabled":"btrue","LastestVersion":"o{\"major\": 1,\"minor\": 26,\"release\": 5,\"testRelease\": 0,\"stage\": \"beta\",\"version\": \"1.26.5.0\",\"isNew\": false,\"forceUpdate\": false,\"timestamp\": {},\"url\": \"https://w.amazon.com/rest/wikis/xwiki/spaces/Quip2Wiki/spaces/Releases/pages/WebHome/attachments/Quip2Wiki-beta.user.js\"}","export_dialog_enabled":"btrue"}}