{"options":{"check_for_updates":true,"comment":null,"compatopts_for_requires":true,"compat_wrappedjsobject":false,"compat_metadata":false,"compat_foreach":false,"compat_prototypes":false,"compat_powerful_this":null,"noframes":null,"unwrap":null,"run_at":null,"tab_types":null,"override":{"use_includes":[],"orig_includes":["http*://phonetool.amazon.com/*"],"merge_includes":true,"use_matches":[],"orig_matches":[],"merge_matches":true,"use_excludes":[],"orig_excludes":[],"merge_excludes":true,"use_connects":[],"orig_connects":[],"merge_connects":true,"use_blockers":[],"orig_run_at":"document-idle","orig_noframes":null,"orig_run_in":[]},"user_modified":null,"run_in":null,"tags":[]},"settings":{"enabled":false,"position":26},"meta":{"name":"ResizePhoneToolOrgChartPics","uuid":"95214cdc-b9de-42a0-8652-53f956292917","modified":1659429283947,"file_url":"https://code.amazon.com/packages/Jackhigg-misc/blobs/mainline/--/GreaseMonkey/phonetool-embiggener.user.js?download=1"}}