{"options":{"check_for_updates":true,"user_modified":null,"comment":null,"compatopts_for_requires":true,"compat_wrappedjsobject":false,"compat_metadata":false,"compat_foreach":false,"compat_powerful_this":null,"sandbox":null,"noframes":null,"unwrap":null,"run_at":null,"tab_types":null,"override":{"use_includes":[],"orig_includes":[],"merge_includes":true,"use_matches":[],"orig_matches":["https://pipelines.amazon.com/pipelines/*"],"merge_matches":true,"use_excludes":[],"orig_excludes":[],"merge_excludes":true,"use_connects":["sas.corp.amazon.com","midway-auth.amazon.com"],"orig_connects":[],"merge_connects":true,"use_blockers":[],"orig_run_at":"document-end","orig_noframes":null,"orig_run_in":[]},"run_in":null,"tags":[]},"settings":{"enabled":true,"position":49},"meta":{"name":"SAS Risk on pipeline","uuid":"665c3439-e119-4053-88da-7145bfa2f846","modified":1718152188403,"file_url":"https://improvement-ninjas.amazon.com/GreaseMonkey/SASRiskOnPipeline.user.js"}}