{"options":{"check_for_updates":true,"user_modified":null,"comment":null,"compatopts_for_requires":true,"compat_wrappedjsobject":false,"compat_metadata":false,"compat_foreach":false,"compat_powerful_this":null,"sandbox":null,"noframes":null,"unwrap":null,"run_at":null,"tab_types":null,"override":{"use_includes":[],"orig_includes":[],"merge_includes":true,"use_matches":[],"orig_matches":["https://*.amazon.com/dynamic_config_data_reviews/*","https://*.amazon.com/templates/review/*"],"merge_matches":true,"use_excludes":[],"orig_excludes":[],"merge_excludes":true,"use_connects":[],"orig_connects":[],"merge_connects":true,"use_blockers":[],"orig_run_at":"document-idle","orig_noframes":null,"orig_run_in":[]},"run_in":null,"tags":[]},"settings":{"enabled":true,"position":48},"meta":{"name":"SDC Diff Tools","uuid":"35a2fb48-4762-4cfe-9540-3ecc6c0d8f49","modified":1718152138274,"file_url":"https://code.amazon.com/packages/S3ReplicationToolbox/blobs/mainline/--/scripts/monkeyScripts/sdcDiffTools/sdcDiffTools.user.js?raw=1"}}