{"options":{"check_for_updates":true,"user_modified":null,"comment":null,"compatopts_for_requires":true,"compat_wrappedjsobject":false,"compat_metadata":false,"compat_foreach":false,"compat_powerful_this":null,"sandbox":null,"noframes":null,"unwrap":null,"run_at":null,"tab_types":null,"override":{"use_includes":[],"orig_includes":[],"merge_includes":true,"use_matches":[],"orig_matches":["https://code.amazon.com/search*"],"merge_matches":true,"use_excludes":[],"orig_excludes":[],"merge_excludes":true,"use_connects":[],"orig_connects":[],"merge_connects":true,"use_blockers":[],"orig_run_at":"document-idle","orig_noframes":null,"orig_run_in":[]},"run_in":null,"tags":[]},"settings":{"enabled":false,"position":53},"meta":{"name":"Search-With-Confidence","uuid":"c78faca8-4ced-4554-9bef-d15ebcce2dca","modified":1718699510739,"file_url":"https://drive.corp.amazon.com/view/rshtd@/scripts/search_code_with_confidence.user.js"}}