{"options":{"check_for_updates":true,"user_modified":null,"comment":null,"compatopts_for_requires":true,"compat_wrappedjsobject":false,"compat_metadata":false,"compat_foreach":false,"compat_powerful_this":null,"sandbox":null,"noframes":null,"unwrap":null,"run_at":null,"tab_types":null,"override":{"use_includes":[],"orig_includes":[],"merge_includes":true,"use_matches":[],"orig_matches":["https://pipelines.amazon.com/pipelines/*"],"merge_matches":true,"use_excludes":[],"orig_excludes":[],"merge_excludes":true,"use_connects":["conduitaccountservice-midway-iad.iad.proxy.amazon.com","amazon.com"],"orig_connects":[],"merge_connects":true,"use_blockers":[],"orig_run_at":"document-idle","orig_noframes":null,"orig_run_in":[]},"run_in":null,"tags":[]},"settings":{"enabled":true,"position":47},"meta":{"name":"Show account name in pipeline","uuid":"031d1a78-abe8-44b5-8498-21cd04504a70","modified":1718151952025,"file_url":"https://drive.corp.amazon.com/view/cnnj%40/public/greasemonkey_scripts/ShowAccountNameInPipeline.user.js?download=true"}}