{"options":{"check_for_updates":true,"comment":null,"compatopts_for_requires":true,"compat_wrappedjsobject":false,"compat_metadata":false,"compat_foreach":false,"compat_prototypes":false,"compat_powerful_this":null,"noframes":null,"unwrap":null,"run_at":null,"tab_types":null,"override":{"use_includes":[],"orig_includes":["https://sim.amazon.com/*","https://issues.amazon.com/*","https://issues-pdx.amazon.com/*","https://i.amazon.com/*"],"merge_includes":true,"use_matches":[],"orig_matches":[],"merge_matches":true,"use_excludes":[],"orig_excludes":[],"merge_excludes":true,"use_connects":[],"orig_connects":[],"merge_connects":true,"use_blockers":[],"orig_run_at":"document-idle","orig_noframes":null,"orig_run_in":[]},"user_modified":null,"run_in":null,"tags":[]},"settings":{"enabled":true,"position":23},"meta":{"name":"SIM Filter Script","uuid":"81301927-a5e8-41ad-8fbb-1c04158e8703","modified":1659421938601,"file_url":"https://code.amazon.com/packages/InRxYvrScripts/blobs/mainline/--/tampermonkey/sim_filter_script.user.js?download=1"}}