{"options":{"check_for_updates":true,"comment":null,"compatopts_for_requires":true,"compat_wrappedjsobject":false,"compat_metadata":false,"compat_foreach":false,"compat_powerful_this":null,"sandbox":null,"noframes":null,"unwrap":null,"run_at":null,"tab_types":null,"override":{"use_includes":[],"orig_includes":["https://sim.amazon.com/sprints/*/*mode=list*","https://issues.amazon.com/sprints/*/*mode=list*","https://issues*.amazon.com/sprints/*/*mode=list*"],"merge_includes":true,"use_matches":[],"orig_matches":[],"merge_matches":true,"use_excludes":[],"orig_excludes":[],"merge_excludes":true,"use_connects":[],"orig_connects":[],"merge_connects":true,"use_blockers":[],"orig_run_at":"document-idle","orig_noframes":null,"orig_run_in":[]},"user_modified":null,"run_in":null,"tags":[]},"settings":{"enabled":true,"position":36},"meta":{"name":"SIM Sprint Standup Moderator","uuid":"70f71b5c-1dbb-4a45-a490-420af7e9fed3","modified":1691161495421,"file_url":"https://drive-render.corp.amazon.com/view/ujwalat@/GreaseMonkeyScripts/SIM%20Sprint%20Standup%20Moderator.user.js"}}