{"options":{"check_for_updates":true,"comment":null,"compatopts_for_requires":true,"compat_wrappedjsobject":false,"compat_metadata":false,"compat_foreach":false,"compat_prototypes":false,"noframes":null,"run_at":null,"override":{"use_includes":[],"orig_includes":["https://maxis-service-prod-iad.amazon.com/*"],"merge_includes":true,"use_matches":[],"orig_matches":["https://t.corp.amazon.com/*"],"merge_matches":true,"use_excludes":[],"orig_excludes":[],"merge_excludes":true,"use_connects":["maxis-service-prod-iad.amazon.com"],"merge_connects":true,"use_blockers":[],"orig_run_at":"document-idle","orig_noframes":null,"orig_connects":[],"orig_run_in":[]},"tab_types":null,"compat_powerful_this":null,"user_modified":null,"run_in":null,"tags":[]},"settings":{"enabled":true,"position":10},"meta":{"name":"SIM-T Time to Escalation","uuid":"f483241a-19a9-4a0e-a137-80a920cb8ddc","modified":1635960050565,"file_url":"https://axzile.corp.amazon.com/-/carthamus/download_script/sim-t-time-to-escalation.user.js"}}