{"options":{"check_for_updates":true,"comment":null,"compatopts_for_requires":true,"compat_wrappedjsobject":false,"compat_metadata":false,"compat_foreach":false,"compat_prototypes":false,"noframes":null,"run_at":null,"override":{"use_includes":[],"orig_includes":["https://maxis-service-prod-iad.amazon.com/*"],"merge_includes":true,"use_matches":[],"orig_matches":["https://t.corp.amazon.com/*"],"merge_matches":true,"use_excludes":[],"orig_excludes":[],"merge_excludes":true,"use_connects":[],"merge_connects":true,"use_blockers":[],"orig_run_at":"document-idle","orig_noframes":null,"orig_connects":["0s62bmu3aj.execute-api.us-east-1.amazonaws.com","s3-us-west-2.amazonaws.com","maxis-service-prod-iad.amazon.com","sim-ticketing-graphql-fleet.corp.amazon.com","wfa-api-integ.iad.proxy.amazon.com"],"orig_run_in":[]},"tab_types":null,"compat_powerful_this":null,"user_modified":null,"run_in":null,"tags":[]},"settings":{"enabled":false,"position":9},"meta":{"name":"SIM-T Utilities","uuid":"7cd4006e-d938-4e4d-ae14-85b12f9d8e5c","modified":1635959858066,"file_url":"https://drive.corp.amazon.com/view/lukasjoh@/SIMTUtilities/SIM-TUtilities.user.js"}}