{"options":{"check_for_updates":true,"comment":null,"compatopts_for_requires":true,"compat_wrappedjsobject":false,"compat_metadata":false,"compat_foreach":false,"compat_powerful_this":null,"sandbox":null,"noframes":null,"unwrap":null,"run_at":null,"tab_types":null,"override":{"use_includes":[],"orig_includes":[],"merge_includes":true,"use_matches":[],"orig_matches":["https://phonetool.amazon.com/people/*","https://phonetool.amazon.com/users/*"],"merge_matches":true,"use_excludes":[],"orig_excludes":[],"merge_excludes":true,"use_connects":[],"merge_connects":true,"use_blockers":[],"orig_run_at":"document-idle","orig_noframes":null,"orig_connects":[],"orig_run_in":[]},"user_modified":null,"run_in":null,"tags":[]},"settings":{"enabled":false,"position":4},"meta":{"name":"Sort org chart based on level and YOE and add level and YOE to every user","uuid":"c6fd5cef-3732-483c-99e7-5ae880c7bcee","modified":1695804324143,"file_url":"https://axzile.corp.amazon.com/-/carthamus/download_script/sort-org-chart-based-on-level-and-yoe-and-add-level-and-yoe-to-every-user.user.js"}}