{"options":{"check_for_updates":true,"user_modified":null,"comment":null,"compatopts_for_requires":true,"compat_wrappedjsobject":false,"compat_metadata":false,"compat_foreach":false,"compat_powerful_this":null,"sandbox":null,"noframes":null,"unwrap":null,"run_at":null,"tab_types":null,"override":{"use_includes":[],"orig_includes":[],"merge_includes":true,"use_matches":[],"orig_matches":["https://atoz.amazon.work/time","https://atoz.amazon.work/time/*","https://timeoff.amazon.com"],"merge_matches":true,"use_excludes":[],"orig_excludes":[],"merge_excludes":true,"use_connects":[],"orig_connects":[],"merge_connects":true,"use_blockers":[],"orig_run_at":"document-idle","orig_noframes":null,"orig_run_in":[]},"run_in":null,"tags":[]},"settings":{"enabled":true,"position":37},"meta":{"name":"Time Off Accrual Calculator","uuid":"a38444d3-9280-46c9-8018-8170291cbc80","modified":1712585899748,"file_url":"https://code.amazon.com/packages/UnofficialTimeOffForecastScript/blobs/mainline/--/src/TimeOffAccrualCalculator.user.js?download=1&foo=file.user.js"}}