{"options":{"check_for_updates":true,"user_modified":null,"comment":null,"compatopts_for_requires":true,"compat_wrappedjsobject":false,"compat_metadata":false,"compat_foreach":false,"compat_powerful_this":null,"sandbox":null,"noframes":null,"unwrap":null,"run_at":null,"tab_types":null,"override":{"use_includes":[],"orig_includes":["/^https://pipelines.amazon.com\\/pipelines\\/[\\w-]+\\/?$/"],"merge_includes":true,"use_matches":[],"orig_matches":[],"merge_matches":true,"use_excludes":[],"orig_excludes":[],"merge_excludes":true,"use_connects":[],"orig_connects":[],"merge_connects":true,"use_blockers":[],"orig_run_at":"document-idle","orig_noframes":null,"orig_run_in":[]},"run_in":null,"tags":[]},"settings":{"enabled":false,"position":34},"meta":{"name":"VFI diff tool","uuid":"77483ab9-aee6-4ce3-983b-75daaed8a37a","modified":1688661662266,"file_url":"https://drive.corp.amazon.com/view/shuojia@/public/VFIDiff.user.js"}}