{"options":{"check_for_updates":true,"user_modified":null,"comment":null,"compatopts_for_requires":true,"compat_wrappedjsobject":false,"compat_metadata":false,"compat_foreach":false,"compat_powerful_this":null,"sandbox":null,"noframes":null,"unwrap":null,"run_at":null,"tab_types":null,"override":{"use_includes":[],"orig_includes":[],"merge_includes":true,"use_matches":[],"orig_matches":["https://access.amazon.com/aws/*","https://console.aws.amazon.com/*","https://conduit.security.a2z.com/*","https://*.console.aws.amazon.com/*"],"merge_matches":true,"use_excludes":[],"orig_excludes":[],"merge_excludes":true,"use_connects":[],"orig_connects":[],"merge_connects":true,"use_blockers":[],"orig_run_at":"document-idle","orig_noframes":null,"orig_run_in":[]},"run_in":null,"tags":[]},"settings":{"enabled":false,"position":41},"meta":{"name":"Who Am I?","uuid":"12303290-02d3-4278-a091-19a355dfdd29","modified":1711279161790,"file_url":"https://axzile.corp.amazon.com/-/carthamus/download_script/who-am-i%3F.user.js"}}