<code_scheme name="MCHD" version="173">
  <option name="GENERATE_FINAL_LOCALS" value="true" />
  <option name="GENERATE_FINAL_PARAMETERS" value="true" />
  <option name="CLASS_COUNT_TO_USE_IMPORT_ON_DEMAND" value="99" />
  <option name="NAMES_COUNT_TO_USE_IMPORT_ON_DEMAND" value="99" />
  <option name="IMPORT_LAYOUT_TABLE">
    <value>
      <package name="java" withSubpackages="true" static="false" />
      <emptyLine />
      <package name="javax" withSubpackages="true" static="false" />
      <emptyLine />
      <package name="org" withSubpackages="true" static="false" />
      <emptyLine />
      <package name="com" withSubpackages="true" static="false" />
      <emptyLine />
      <package name="" withSubpackages="true" static="false" />
      <emptyLine />
      <package name="" withSubpackages="true" static="true" />
    </value>
  </option>
  <option name="WRAP_WHEN_TYPING_REACHES_RIGHT_MARGIN" value="true" />
  <option name="FORMATTER_TAGS_ENABLED" value="true" />
  <JavaCodeStyleSettings>
    <option name="GENERATE_FINAL_LOCALS" value="true" />
    <option name="GENERATE_FINAL_PARAMETERS" value="true" />
    <option name="ANNOTATION_PARAMETER_WRAP" value="2" />
    <option name="CLASS_COUNT_TO_USE_IMPORT_ON_DEMAND" value="99" />
    <option name="NAMES_COUNT_TO_USE_IMPORT_ON_DEMAND" value="99" />
    <option name="IMPORT_LAYOUT_TABLE">
      <value>
        <package name="amazon" withSubpackages="true" static="false" />
        <package name="com.amazon" withSubpackages="true" static="false" />
        <emptyLine />
        <package name="com.google" withSubpackages="true" static="false" />
        <emptyLine />
        <package name="java" withSubpackages="true" static="false" />
        <emptyLine />
        <package name="javax" withSubpackages="true" static="false" />
        <emptyLine />
        <package name="org" withSubpackages="true" static="false" />
        <emptyLine />
        <package name="com" withSubpackages="true" static="false" />
        <emptyLine />
        <package name="" withSubpackages="true" static="false" />
        <emptyLine />
        <package name="" withSubpackages="true" static="true" />
      </value>
    </option>
  </JavaCodeStyleSettings>
  <codeStyleSettings language="JAVA">
    <option name="RIGHT_MARGIN" value="140" />
    <option name="KEEP_LINE_BREAKS" value="false" />
    <option name="KEEP_FIRST_COLUMN_COMMENT" value="false" />
    <option name="KEEP_CONTROL_STATEMENT_IN_ONE_LINE" value="false" />
    <option name="KEEP_BLANK_LINES_IN_DECLARATIONS" value="1" />
    <option name="KEEP_BLANK_LINES_IN_CODE" value="1" />
    <option name="KEEP_BLANK_LINES_BEFORE_RBRACE" value="1" />
    <option name="INDENT_CASE_FROM_SWITCH" value="false" />
    <option name="ALIGN_MULTILINE_PARAMETERS" value="false" />
    <option name="ALIGN_MULTILINE_RESOURCES" value="false" />
    <option name="SPACE_WITHIN_ARRAY_INITIALIZER_BRACES" value="true" />
    <option name="SPACE_BEFORE_ARRAY_INITIALIZER_LBRACE" value="true" />
    <option name="CALL_PARAMETERS_WRAP" value="1" />
    <option name="PREFER_PARAMETERS_WRAP" value="true" />
    <option name="METHOD_PARAMETERS_WRAP" value="1" />
    <option name="RESOURCE_LIST_WRAP" value="5" />
    <option name="EXTENDS_LIST_WRAP" value="1" />
    <option name="THROWS_LIST_WRAP" value="1" />
    <option name="EXTENDS_KEYWORD_WRAP" value="1" />
    <option name="THROWS_KEYWORD_WRAP" value="1" />
    <option name="METHOD_CALL_CHAIN_WRAP" value="1" />
    <option name="BINARY_OPERATION_WRAP" value="1" />
    <option name="BINARY_OPERATION_SIGN_ON_NEXT_LINE" value="true" />
    <option name="TERNARY_OPERATION_WRAP" value="5" />
    <option name="FOR_STATEMENT_WRAP" value="1" />
    <option name="ARRAY_INITIALIZER_WRAP" value="1" />
    <option name="ASSERT_STATEMENT_WRAP" value="1" />
    <option name="IF_BRACE_FORCE" value="3" />
    <option name="DOWHILE_BRACE_FORCE" value="3" />
    <option name="WHILE_BRACE_FORCE" value="3" />
    <option name="FOR_BRACE_FORCE" value="3" />
    <option name="WRAP_LONG_LINES" value="true" />
    <option name="VARIABLE_ANNOTATION_WRAP" value="2" />
    <option name="ENUM_CONSTANTS_WRAP" value="1" />
  </codeStyleSettings>
</code_scheme>